Produto Sistema,Fornecedor ID,Título Fornecedor,Preço USD,Custo Estimado BRL,Nota Loja,Status Loja,Qtd Vendida,URL Link
ACEBOTT Carrinho Robótico Inteligente DIY ESP32 com Lançador de Água - STEM Arduino,3256807290169206,"1pc Refillable Car Air Freshener Perfume Diffuser Clip, Auto A...",0.33,1.85,4.9,Estabelecida,3,https://www.aliexpress.us/item/3256807290169206.html
"Analisador de Qualidade da Água para Piscina, Banheira e Aquário",3256807972215862,TDS Meter Digital Water Tester 0-9990ppm Drinking Water Qualit...,0.33,1.85,4.9,Estabelecida,235,https://www.aliexpress.us/item/3256807972215862.html
Campainha de Vídeo Inteligente Tuya WiFi com Armazenamento em Nuvem e Detecção Humana,3256811914988728,"Wireless Wi-Fi Video Doorbell Camera with Two-Way Audio, AI Mo...",0.99,5.54,4.9,Estabelecida,1,https://www.aliexpress.us/item/3256811914988728.html
CarlinKit Adaptador CarPlay Sem Fio Mini Ultra4 5GHz WiFi - Plug and Play Android Auto,3256809687913767,XUDA Carplay Android Auto Wireless Adapter Smart AI Box Car OE...,0.99,5.54,4.9,Estabelecida,5,https://www.aliexpress.us/item/3256809687913767.html
Daytech Sensor de Porta Sem Fio Tuya com Campainha - Segurança Infantil,3256809968904114,LED Thermometer Thermo-Hygrometer Multifunction Electronic Clo...,0.33,1.85,4.9,Estabelecida,50,https://www.aliexpress.us/item/3256809968904114.html
Difusor de Óleo Essencial Inteligente Bluetooth WiFi sem Água - Casa e Escritório,3256806982259762,"500ML USB Wood Grain Aroma Diffuser, Essential Oil Diffuser, A...",3.35,18.76,4.5,Estabelecida,3,https://www.aliexpress.us/item/3256806982259762.html
"Farol de LED 120W Bicolor 6500K Canbus - Compatível com H7, H11, 9012, H1 e H27",3256808219878994,2Pcs LED H4 H7 Car Headlight H1 LED Bulb H8 H11 9005 HB3 9006 ...,0.33,1.85,4.9,Estabelecida,10,https://www.aliexpress.us/item/3256808219878994.html
"Fechadura Inteligente Tuya com WiFi, Digital, Impressão Digital, Cartão RFID e Senha",3256812158243699,Wifi Fingerprint Access Control Keypad Outdoor Waterproof Remo...,16.88,94.53,5.0,Estabelecida,59,https://www.aliexpress.us/item/3256812158243699.html
"Gateway Smart Home Tuya WiFi Touch 7 Polegadas - Zigbee, Alexa e Música para Hotéis",3256811506398796,Zigbee 24G Mmwave Radar Presence Sensor Human Detector Motion/...,0.33,1.85,4.9,Estabelecida,10,https://www.aliexpress.us/item/3256811506398796.html
Host de Música Ambiente Smart Home 7 Polegadas Touch 2025 - Gateway Zigbee Tuya 8 Canais,3256812527562542,Heal The World Michael Jackson Album Cover Unisex Short Sleeve...,1.61,9.02,0.0,Nova,2,https://www.aliexpress.us/item/3256812527562542.html
"Hub de Automação 10.1 Polegadas WiFi Zigbee 3.0 Bluetooth - Hotelaria com Voz, PoE e 4G",3256809536398385,Lincukoo Tuya Zigbee/Bluetooth Gateway Smart Wireless Hub Gate...,0.99,5.54,4.7,Estabelecida,1,https://www.aliexpress.us/item/3256809536398385.html
"Hub de Automação Residencial 10.1 Polegadas Touch com WiFi, RJ45, PoE e NFC - Hotelaria",3256809676432675,1000Mbps RJ45 Splitter 1 To 2/3/4 Ethernet Extension Adapter L...,0.99,5.54,5.0,Estabelecida,13,https://www.aliexpress.us/item/3256809676432675.html
Interruptor Touch Inteligente 3.5 Polegadas com Sensor Radar e Controle de Cortina - Tuya,3256806667047267,2.2CM Ultra Thin Ceiling Light LED Panel Light 6W 9W 13W 18W 2...,0.99,5.54,4.7,Estabelecida,451,https://www.aliexpress.us/item/3256806667047267.html
Interruptor Touch Inteligente Tuya 10A - 1 a 4 Botões com Alexa e Google Home,3256806515492294,Tuya DIY Breaker Wifi Smart Light Switch Module 10A 100-240V T...,0.99,5.54,4.9,Estabelecida,1,https://www.aliexpress.us/item/3256806515492294.html
Interruptor de Parede Inteligente Tuya WiFi US - 1 a 4 Botões com Sensor Touch e Voz,1005003661583328,GIRIER Tuya Wifi Smart Dimmer Switch Module 10A Support 2 Way ...,0.99,5.54,4.9,Estabelecida,800,https://www.aliexpress.us/item/1005003661583328.html
"Interruptor e Tomada Inteligente WiFi em Vidro Touch - Tuya, Alexa e Controle Remoto",3256803475268576,GIRIER Tuya Wifi Smart Dimmer Switch Module 10A Support 2 Way ...,0.99,5.54,4.9,Estabelecida,800,https://www.aliexpress.us/item/3256803475268576.html
K1A Adaptador CarPlay Sem Fio Mini USB - Apple CarPlay e Android Auto Evoluído,3256807619349601,PD 35W Fast Charger For iPhone 11 12 13 14 15 Pro Max Fast Cha...,0.33,1.85,4.9,Estabelecida,5,https://www.aliexpress.us/item/3256807619349601.html
Máquina de Café Espresso Portátil Mini 2 em 1 USB em Alumínio - Carro e Hotel,3256808890910112,New Portable Electric Power Display Coffee Bean Grinder 38 Gea...,16.92,94.75,5.0,Estabelecida,182,https://www.aliexpress.us/item/3256808890910112.html
Máquina de Café Espresso Portátil USB para Viagem e Camping - Aquecimento Automático,3256811496988806,"7800mAh Long-Lasting 3-in-1 Portable Coffee Maker, Electric Ca...",30.72,172.03,4.6,Estabelecida,66,https://www.aliexpress.us/item/3256811496988806.html
Painel de Controle Smart Home Tuya 3.5'' com Zigbee para Dispositivos Inteligentes,3256810524749502,1/2PCS Zigbee Smart Home Suitable Universal Wireless Remote Co...,0.99,5.54,4.7,Estabelecida,61,https://www.aliexpress.us/item/3256810524749502.html
Painel de Controle Touch 7 Polegadas 2026 para Música Ambiente - Gateway Zigbee Tuya 8 Canais,3256806810913711,1/2/3 piece set of luminous silicone remote control with rope ...,0.33,1.85,4.9,Estabelecida,10,https://www.aliexpress.us/item/3256806810913711.html
Peças de Reposição Premium para BYD Seagull - Carro Elétrico Novo 2023-2025,3256810099182685,3D Carbon Fiber Sticker Paste Car Threshold Protective Film An...,0.33,1.85,4.9,Estabelecida,50,https://www.aliexpress.us/item/3256810099182685.html
R&B Boneca Reborn Realista Corpo Macio - Pintura 3D estilo Bebê de Verdade,3256812261003692,NPK Reborn Doll Parts Juliette 19inch Already Finished Painted...,15.29,85.62,5.0,Estabelecida,4,https://www.aliexpress.us/item/3256812261003692.html
"Rastreador GPS Portátil em Tempo Real para Bike, Pets e Crianças - Anti-Furto",3256806491670188,Smart Bluetooth GPS Tracker Work with Apple Find My APP ITag A...,0.33,1.85,4.9,Estabelecida,10,https://www.aliexpress.us/item/3256806491670188.html
"Sistema de Música Ambiente Smart Home 10 Polegadas com 2 Zonas - Tuya, Zigbee e Google Play",3256809702034697,Zigbee / WIFI 2 Channel Switch Two Relay 12V 24V 220V Module D...,0.99,5.54,4.9,Estabelecida,700,https://www.aliexpress.us/item/3256809702034697.html
TYSH Interruptor Inteligente Sem Fio Matter/Tuya WiFi Touch - 1 a 4 Botões com Alexa,3256806671034980,16A works with Tuya WiFi Smart Switch Module 2-way Control Min...,0.33,1.85,4.8,Estabelecida,4,https://www.aliexpress.us/item/3256806671034980.html
Terminal POS Biométrico Z108P 2025 - Leitura de Veia Palmar com NFC e 4G,3256803044040820,Mode Hip Hop Katoen Baseball Cap Bts Creatieve Piercing Ring C...,0.99,5.54,4.9,Estabelecida,110,https://www.aliexpress.us/item/3256803044040820.html
Termostato Inteligente WiFi Tuya com Display LED para Aquecimento de Piso - Controle por App,3256808294797219,WiFi Smart Temperature Switch Tuya Smart Home Relay 2000W Inte...,3.22,18.03,5.0,Estabelecida,36,https://www.aliexpress.us/item/3256808294797219.html
Termostato WiFi Tuya 2026 com Controle de Temperatura e Umidade - Knob LED e Voz,3256810573081078,2026 New Tuya WiFi Humidity Temperature Sensor with External P...,1.45,8.12,4.9,Estabelecida,5,https://www.aliexpress.us/item/3256810573081078.html
YG-T10 Rastreador GPS Veicular 4G com Garantia de 1 Ano - Suporte Global,3256808568300809,5pcs Enamel Kung Fu Tai Chi Charms Pendants for Necklaces Earr...,0.99,5.54,5.0,Estabelecida,248,https://www.aliexpress.us/item/3256808568300809.html
