Produto Sistema,Qtd Fornecedores,Menor Custo BRL,Custo Médio BRL,Maior Custo BRL,Margem de Preço BRL,Nota Média Loja,Total Vendas
ACEBOTT Carrinho Robótico Inteligente DIY ESP32 com Lançador de Água - STEM Arduino,28,1.68,29.62,156.3,154.62,4.74,5543
"Analisador de Qualidade da Água para Piscina, Banheira e Aquário",31,1.85,168.52,741.1,739.25,3.92,5074
Campainha de Vídeo Inteligente Tuya WiFi com Armazenamento em Nuvem e Detecção Humana,32,5.54,374.08,1035.83,1030.29,3.03,2293
CarlinKit Adaptador CarPlay Sem Fio Mini Ultra4 5GHz WiFi - Plug and Play Android Auto,35,35.5,128.8,541.13,505.63,4.14,3041
Daytech Sensor de Porta Sem Fio Tuya com Campainha - Segurança Infantil,31,1.85,90.6,743.01,741.16,4.63,2612
Difusor de Óleo Essencial Inteligente Bluetooth WiFi sem Água - Casa e Escritório,43,38.36,304.85,727.33,688.97,3.24,5272
"Farol de LED 120W Bicolor 6500K Canbus - Compatível com H7, H11, 9012, H1 e H27",41,5.54,73.34,176.29,170.75,4.43,8635
"Fechadura Inteligente Tuya com WiFi, Digital, Impressão Digital, Cartão RFID e Senha",39,58.58,327.02,672.78,614.2,4.11,4713
"Gateway Smart Home Tuya WiFi Touch 7 Polegadas - Zigbee, Alexa e Música para Hotéis",41,5.54,680.63,2915.64,2910.1,3.59,4584
Host de Música Ambiente Smart Home 7 Polegadas Touch 2025 - Gateway Zigbee Tuya 8 Canais,39,9.02,766.6,2932.89,2923.87,3.71,4651
"Hub de Automação 10.1 Polegadas WiFi Zigbee 3.0 Bluetooth - Hotelaria com Voz, PoE e 4G",36,5.54,109.27,430.58,425.04,3.76,4418
"Hub de Automação Residencial 10.1 Polegadas Touch com WiFi, RJ45, PoE e NFC - Hotelaria",35,5.54,290.55,2308.77,2303.23,3.49,2620
Interruptor Touch Inteligente 3.5 Polegadas com Sensor Radar e Controle de Cortina - Tuya,3,5.54,14.13,29.29,23.75,4.73,457
Interruptor Touch Inteligente Tuya 10A - 1 a 4 Botões com Alexa e Google Home,37,5.54,74.64,150.08,144.54,3.92,5632
Interruptor de Parede Inteligente Tuya WiFi US - 1 a 4 Botões com Sensor Touch e Voz,42,5.54,91.07,237.38,231.84,3.92,5254
"Interruptor e Tomada Inteligente WiFi em Vidro Touch - Tuya, Alexa e Controle Remoto",35,5.54,82.92,153.5,147.96,4.71,4142
K1A Adaptador CarPlay Sem Fio Mini USB - Apple CarPlay e Android Auto Evoluído,38,23.52,71.91,204.4,180.88,2.82,2190
Máquina de Café Espresso Portátil Mini 2 em 1 USB em Alumínio - Carro e Hotel,45,24.25,480.33,1391.77,1367.52,1.6,2302
Máquina de Café Espresso Portátil USB para Viagem e Camping - Aquecimento Automático,25,142.18,383.04,1014.78,872.6,2.74,2394
Painel de Controle Smart Home Tuya 3.5'' com Zigbee para Dispositivos Inteligentes,33,5.54,261.14,1235.19,1229.65,3.55,4035
Painel de Controle Touch 7 Polegadas 2026 para Música Ambiente - Gateway Zigbee Tuya 8 Canais,21,5.54,421.94,1035.27,1029.73,3.71,835
Peças de Reposição Premium para BYD Seagull - Carro Elétrico Novo 2023-2025,27,1.85,8.45,20.1,18.25,4.81,2031
R&B Boneca Reborn Realista Corpo Macio - Pintura 3D estilo Bebê de Verdade,41,89.6,246.41,710.7,621.1,3.2,4074
"Rastreador GPS Portátil em Tempo Real para Bike, Pets e Crianças - Anti-Furto",28,1.85,23.25,114.86,113.01,3.46,3109
Relógio de Mesa Inteligente com Luz RGB e Carregamento Wireless - Decoração de Quarto,35,5.54,98.8,205.97,200.43,3.46,2521
"Sistema de Música Ambiente Smart Home 10 Polegadas com 2 Zonas - Tuya, Zigbee e Google Play",30,5.54,383.46,2943.19,2937.65,3.86,4180
TYSH Interruptor Inteligente Sem Fio Matter/Tuya WiFi Touch - 1 a 4 Botões com Alexa,34,1.85,82.7,404.43,402.58,4.69,4514
Terminal POS Biométrico Z108P 2025 - Leitura de Veia Palmar com NFC e 4G,4,5.54,6.65,9.97,4.43,4.82,1073
Termostato Inteligente WiFi Tuya com Display LED para Aquecimento de Piso - Controle por App,43,18.65,186.14,390.6,371.95,4.01,4681
Termostato WiFi Tuya 2026 com Controle de Temperatura e Umidade - Knob LED e Voz,37,5.54,105.47,280.78,275.24,4.16,3825
YG-T10 Rastreador GPS Veicular 4G com Garantia de 1 Ano - Suporte Global,33,5.54,31.58,126.34,120.8,3.92,2723
