plataforma,ad_id,page_name,start_date,days_running,ad_copy,keyword_origem,target_url,media_url,variacoes_criativo,data_coleta,ad_title,ctr_tier,ctr_rank,likes,video_url,landing_page
Meta,2226497008199190,Lili Bag,2026-07-30,7.0,"Tem algo especial em preparar cada detalhe para a chegada do bebê.Separar as primeiras roupinhas, organizar tudo com carinho, imaginar os primeiros dias…O Kit Organizador Prático  ajuda a deixar tudo no seu lugar, enquanto as necessaires guardam aqueles itens que você sempre precisa ter por perto com fácil visualização.Peças pensadas para trazer mais leveza e praticidade para uma fase cheia de significado. 🤍Clique em Saiba Mais para adquirir no Site.",organizador,https://www.lilibag.com.br/kit-organizador-pratico-do-bebe-marrom/p,https://video.fjdo10-1.fna.fbcdn.net/o1/v/t2/f2/m412/AQMzAdobcJVhosNhh8DGYjAoZYKP7q-33TfEasVOycS6gEoxiFFd7u9MI9c2UZyxKxnuqzzZfzWo1RLtTOng816QCPgCdBNEcLCwn7hbMw.mp4?_nc_cat=111&_nc_oc=AdpAh_16JJmwLV6nb3HnSSpnzrZXqdt35slIt0f6sze9JsE_qv3lyvBscQYvd-OmdbY&_nc_sid=ef5aa3&_nc_ht=video.fjdo10-1.fna.fbcdn.net&_nc_ohc=SGfo0wQpQQQQ7kNvwGzas_k&efg=eyJ2ZW5jb2RlX3RhZyI6Inhwdl9wcm9ncmVzc2l2ZS5WSV9VU0VDQVNFX1BST0RVQ1RfVFlQRS4uQzMuMzYwLnN2ZV9zZCIsInhwdl9hc3NldF9pZCI6MTU4NjI5MDM3NjM0ODY3NCwiYXNzZXRfYWdlX2RheXMiOjAsInZpX3VzZWNhc2VfaWQiOjEwNzk5LCJkdXJhdGlvbl9zIjozNiwidXJsZ2VuX3NvdXJjZSI6Ind3dyJ9&ccb=17-1&_nc_gid=cAVm7C99UoJ95OAqcivZ3Q&_nc_ss=78289&_nc_zt=28&oh=00_AQEU596n2SqSUibCIWREMz6DAJCEo2MMuBvbDqgzBsf9hg&oe=6A71A787,1.0,2026-08-06T06:08:21.550609,,,,,,
Meta,1777060873710224,Melhores Dicas e Produtos,2026-07-30,7.0,"Esse organizador de ovos foi uma das melhores compras que fiz para deixar a geladeira mais prática e organizada. Ele ocupa menos espaço, facilita na hora de pegar os ovos e ainda deixa tudo muito mais bonito.✔️ Capacidade para até 32 ovos✔️ Gavetas deslizantes super práticas✔️ Aproveita melhor o espaço da geladeira✔️ Organização que faz diferença no dia a diaQuem ama uma cozinha organizada vai querer um desse! 😍💬 Você usaria esse organizador na sua casa?#Organização #CasaOrganizada #GeladeiraOrganizada #OrganizaçãoDaCasa",organizador,https://s.shopee.com.br/5fnZ6bOGa2,https://video.fjdo10-1.fna.fbcdn.net/o1/v/t2/f2/m412/AQPhmGSCUqlltgafzGAZdbT6jgvSihUKUzmcHk9g8BawYkrViYdfTsOUgs2JuOyDFbpmnNLm2q1rDF1NgAzjCQAUR9r7z0xLfyfQ5VJwlw.mp4?_nc_cat=111&_nc_oc=AdppRGCHxlYf9gNSnvOGc1-qEgEs4NEXf6WTX69izmkqzLx9piA9NlsLUUU5HBjawQ8&_nc_sid=ef5aa3&_nc_ht=video.fjdo10-1.fna.fbcdn.net&_nc_ohc=1LDsKkJqqO0Q7kNvwEms65m&efg=eyJ2ZW5jb2RlX3RhZyI6Inhwdl9wcm9ncmVzc2l2ZS5WSV9VU0VDQVNFX1BST0RVQ1RfVFlQRS4uQzMuMzYwLnN2ZV9zZCIsInhwdl9hc3NldF9pZCI6MjU3NTI4OTA0NjI2OTQyNiwiYXNzZXRfYWdlX2RheXMiOjAsInZpX3VzZWNhc2VfaWQiOjEyMzczLCJkdXJhdGlvbl9zIjoxMiwidXJsZ2VuX3NvdXJjZSI6Ind3dyJ9&ccb=17-1&_nc_gid=cAVm7C99UoJ95OAqcivZ3Q&_nc_ss=78289&_nc_zt=28&oh=00_AQFLcmNKLmryElfNyTjKD1ZEeZC31_tpUpaXTI3gSiZGAw&oe=6A71A547,1.0,2026-08-06T06:08:21.550609,,,,,,
Meta,1090358576998434,Ofertas VIP,2026-07-30,7.0,"Sua casa tbm pode ficar linda assim, pagando pouco na SHOPEE🌷Tábua de madeira: https://s.shopee.com.br/8fL9u2l8AMKit Utensílios Bambu: https://s.shopee.com.br/70CvvAztf1 Cooktop na OFERTA 🔥 https://s.shopee.com.br/5VO8A2ZbiT Utensílios Bambu Com silicone: https://s.shopee.com.br/5AlHjpSTEGGalheteiro de Vidro: https://s.shopee.com.br/805T781zaPPrateleira Organizadora: https://s.shopee.com.br/9AHQVthrlFPote Hermético Bambu: https://s.shopee.com.br/1VrzO15jSiCesto Organizador Fruteira: https://s.shopee.com.br/6VGfLYiHMuVaso Decorativo Buchinho: https://s.shopee.com.br/8V1jjMkdLOTapete Passadeira: https://s.shopee.com.br/6ptVkPS9RhGeladeira Branca Electrolux: https://s.shopee.com.br/7AWM9H2owK",organizador,https://s.shopee.com.br/8fL9u2l8AM,https://scontent.fjdo1-2.fna.fbcdn.net/v/t39.35426-6/760984736_1574855067759153_1818985626664692923_n.jpg?stp=dst-jpg_s600x600_tt6&_nc_cat=109&ccb=1-7&_nc_sid=c53f8f&_nc_ohc=7bYU0Ocd_wYQ7kNvwGZz5J5&_nc_oc=Adq2m36xw6Oie3L2buvf7jyaMa8ybxtJscBmnbjfcNNPIBaLil783_eDMBxrlfAIVCc&_nc_zt=14&_nc_ht=scontent.fjdo1-2.fna&_nc_gid=cAVm7C99UoJ95OAqcivZ3Q&_nc_ss=78289&oh=00_AQFLZTA-tM4d392RhQ4uHsFSgmI64TwlLqaT660Dgu-l0w&oe=6A71ADE8,1.0,2026-08-06T06:08:21.550609,,,,,,
Meta,1098161599201868,DiamondMall,2026-07-30,7.0,"Pro melhor do mundo, o melhor presente. 🤍A @gabividigal passou pelo DiamondMall para escolher os presentes de Dia dos Pais para o pai e para o marido.E a experiência fica ainda melhor para clientes Multi:  até 09/08*, com R$ 1.000 em compras no DiamondMall, você ganha um kit organizador de malas exclusivo da BOSS**.*Brindes limitados ao estoque na retirada. **Consulte condições de concessão de todos os benefícios, premiações, lojas participantes, demais informações e autorizações no regulamento em www.diamondmall.com.br. Imagens e cores ilustrativas.‌Esperamos você para celebrar o Dia dos Pais no DiamondMall. ✨‌#DiamondMall #Diamond #DiasPerfeitos #DiaDosPais #BOSS",organizador,http://www.diamondmall.com.br/,https://video.fjdo10-1.fna.fbcdn.net/o1/v/t2/f2/m367/AQNJwTIyf8g6Dd38Bxx4svmqitQVFdFSepKAc66l1qehXj4sCBz08U2GGn8elg8uJgc6T11zSvVNO1dW-7KdTzy9pouxQ9-Y5tEBjnws3g.mp4?_nc_cat=111&_nc_oc=AdoRvhUNd2h0eHUYe2do9C5ibbtSFlY-X8ShS2oDVtd4Rpzblt-uKAueELeViYgaGGQ&_nc_sid=ef5aa3&_nc_ht=video.fjdo10-1.fna.fbcdn.net&_nc_ohc=5G8OVhHfrOgQ7kNvwFryyI8&efg=eyJ2ZW5jb2RlX3RhZyI6Inhwdl9wcm9ncmVzc2l2ZS5WSV9VU0VDQVNFX1BST0RVQ1RfVFlQRS4uQzMuMzYwLnByb2dyZXNzaXZlX2gyNjQtYmFzaWMtZ2VuMl8zNjBwIiwieHB2X2Fzc2V0X2lkIjoxNzEzNzE5MDM5ODQ0NTQ4LCJhc3NldF9hZ2VfZGF5cyI6MSwidmlfdXNlY2FzZV9pZCI6MTIzNzQsImR1cmF0aW9uX3MiOjQ4LCJ1cmxnZW5fc291cmNlIjoid3d3In0%3D&ccb=17-1&_nc_gid=cAVm7C99UoJ95OAqcivZ3Q&_nc_ss=78289&_nc_zt=28&oh=00_AQEHa9aPBOJJQ5V3Yu1EYBN8-3yZfH1vgOcNI7ZFyF5-TA&oe=6A71BB77,1.0,2026-08-06T06:08:21.550609,,,,,,
Meta,1023104943961357,leal_import1,2026-07-30,7.0,"✨ Jogo de Talheres Luxo – Elegância para sua mesa!✔️ Design elegante e moderno✔️ Cabos com detalhes dourados✔️ Aço inox de excelente acabamento✔️ Acompanha estojo organizador de madeira✔️ Ideal para presentear ou renovar sua mesa posta.✔️ R$ 179,90",organizador,https://www.instagram.com/_u/leal_import1,https://video.fjdo10-1.fna.fbcdn.net/o1/v/t2/f2/m367/AQNdGuB6H0B7eAgE8GksMJnYMXV45Wr188SgY1Lawdlcf_HDm5Fr6g59i9P_qfxbmBd3M_t7bN0V2WhEwxybWgQVRuZmebB_louqwSsKmg.mp4?_nc_cat=110&_nc_oc=AdqEZ6YtAM-99QUM8I7ltkY2dnGDWkI5vjF9cuK7q7dx1T0Wr10Cv85cPBvjFIbs35k&_nc_sid=ef5aa3&_nc_ht=video.fjdo10-1.fna.fbcdn.net&_nc_ohc=c2G_I_8_RtkQ7kNvwHCSlCv&efg=eyJ2ZW5jb2RlX3RhZyI6Inhwdl9wcm9ncmVzc2l2ZS5WSV9VU0VDQVNFX1BST0RVQ1RfVFlQRS4uQzMuMzYwLnByb2dyZXNzaXZlX2gyNjQtYmFzaWMtZ2VuMl8zNjBwIiwieHB2X2Fzc2V0X2lkIjoxNjU3MDY5ODg2NDIzOTEzLCJhc3NldF9hZ2VfZGF5cyI6MywidmlfdXNlY2FzZV9pZCI6MTIzNzQsImR1cmF0aW9uX3MiOjMzLCJ1cmxnZW5fc291cmNlIjoid3d3In0%3D&ccb=17-1&_nc_gid=cAVm7C99UoJ95OAqcivZ3Q&_nc_ss=78289&_nc_zt=28&oh=00_AQH6x9MKlNJzqfWDFPKzekkwWFlfRyxte8f5FSry9QK5DA&oe=6A71A710,1.0,2026-08-06T06:08:21.550609,,,,,,
Meta,1773507020666215,Skik,2026-07-30,7.0,"Kit Organizador Infantil Skik em couro legítimo, com personalização completa — nome do bebê, cor e tema à sua escolha. Nossas peças são produzidas com afeto em cada detalhe, pensadas para te acompanhar em todas as fases da maternidade! Enviamos para todo o Brasil.Acesse o link e conheça nossa linha completa 💙✨",organizador,https://www.instagram.com/,https://video.fjdo10-1.fna.fbcdn.net/o1/v/t2/f2/m412/AQNR6vdrCf9rwiHKywPzXjz3MocnZMXOyLwc2GwE-KTMcD5AjUIPMvpCmXgpsb72t3uBqsWp4Qc6lnp339ClsNCk1M8DtKMtW3Ca76NBlQ.mp4?_nc_cat=110&_nc_oc=AdpPlMAaRZQVxG9KjOi0coyCbFPsMT5UgzWzF4VI0i-Tf9AZPV_rllA8qOe56E_r1II&_nc_sid=ef5aa3&_nc_ht=video.fjdo10-1.fna.fbcdn.net&_nc_ohc=vdiJl55gU2cQ7kNvwHASxAf&efg=eyJ2ZW5jb2RlX3RhZyI6Inhwdl9wcm9ncmVzc2l2ZS5WSV9VU0VDQVNFX1BST0RVQ1RfVFlQRS4uQzMuMzYwLnN2ZV9zZCIsInhwdl9hc3NldF9pZCI6MTAxMjM4OTQ2NTExMTM3OCwiYXNzZXRfYWdlX2RheXMiOjEsInZpX3VzZWNhc2VfaWQiOjEwNzk5LCJkdXJhdGlvbl9zIjo1NiwidXJsZ2VuX3NvdXJjZSI6Ind3dyJ9&ccb=17-1&_nc_gid=cAVm7C99UoJ95OAqcivZ3Q&_nc_ss=78289&_nc_zt=28&oh=00_AQGrmBp0B1buyAlCkd8g6YzKI3i5kqcumMkbc6ueig1TVA&oe=6A71BE98,1.0,2026-08-06T06:08:21.550609,,,,,,
Meta,2509261416209758,Aguiar Multimusic,2026-07-30,7.0,"Você é organizador de eventos, representante de prefeitura ou responsável pela contratação de atrações?Kailane Frauches é a cantora ideal  para eventos como, Marchas para Jesus, congressos, conferências, festividades municipais, aniversários de cidades e grandes eventos cristãos.A Aguiar Multimusic oferece atendimento comercial especializado para consultar artistas, datas disponíveis e condições de contratação.Clique no botão e fale com nossa equipe pelo WhatsApp.",organizador,https://api.whatsapp.com/send,https://video.fjdo1-2.fna.fbcdn.net/o1/v/t2/f2/m412/AQMF1HV40VOuw5yoGVC_sBLv1xQNwWxSgJrthM3eZ2E06kyiEA0Wm2QbfnyyHB17tvErdY-3SOcvqhwRLzQIRUuZeJMRAumQ4wo1xF3I4A.mp4?_nc_cat=106&_nc_oc=AdoOOPh8QuAM71xFd3-sN9pmxarFUUIH8LrTHTvDrw6I-c_VuY5OtCq9Dewg7y4VelY&_nc_sid=ef5aa3&_nc_ht=video.fjdo1-2.fna.fbcdn.net&_nc_ohc=l_g-H_1vlhMQ7kNvwGCNDzq&efg=eyJ2ZW5jb2RlX3RhZyI6Inhwdl9wcm9ncmVzc2l2ZS5WSV9VU0VDQVNFX1BST0RVQ1RfVFlQRS4uQzMuMzYwLnN2ZV9zZCIsInhwdl9hc3NldF9pZCI6Mjc5NjMzMTUwMDc1MTcxMSwiYXNzZXRfYWdlX2RheXMiOjAsInZpX3VzZWNhc2VfaWQiOjEwNzk5LCJkdXJhdGlvbl9zIjozMywidXJsZ2VuX3NvdXJjZSI6Ind3dyJ9&ccb=17-1&_nc_gid=cAVm7C99UoJ95OAqcivZ3Q&_nc_ss=78289&_nc_zt=28&oh=00_AQHkvcln-koeCLEN7y8zs9ZF0ZyTtrqx2T0LOmUFVTeq9w&oe=6A71D66C,2.0,2026-08-06T06:08:21.550609,,,,,,
Meta,2073643239930835,Oticket Play,2026-07-30,7.0,"A Oticket Play é a solução tecnológica para organizadores de corridas de rua que querem mais controle, mais inscrições e um evento profissional do início ao fim.Quem já organizou uma prova sabe:o sucesso da corrida não depende só do percurso ou do público…depende da organização.Com a Oticket Play você tem:✔️ Inscrições online rápidas✔️ Gestão de grupos e assessorias✔️ Controle total de atletas inscritos✔️ Check-in ágil no dia da provaMenos dor de cabeça para o organizador.Mais experiência para o atleta.Se você leva sua corrida a sério, leve sua prova para a Oticket Play.👉 Comece agora²",organizador,,,2.0,2026-08-06T06:08:21.550609,,,,,,
Meta,724588457416484,normadosdescontos,2026-07-30,7.0,￼Sapateira com 3 Portas Guarda Calçados Organizador Multiuso Deixe seu comentário Eu quero para receber o link,organizador,https://www.instagram.com/_u/normadosdescontos,https://video.fjdo1-2.fna.fbcdn.net/o1/v/t2/f2/m367/AQNKoyUXvbNikdqQ5ZsX9mCc2-TAoHMoMEFqjvVsJcHpofAFmCu52hIIvFQyNyVRuPr4wrLrjJVZB1Z1Q7MW77vL-W4nIEatgFnEskllsQ.mp4?_nc_cat=109&_nc_oc=AdpqeZ5t_mRlVFuO_yFwOefYj74X1NCbev4MLnOzC2DfaBPa0yXsDs6aGBoyEwvd6aM&_nc_sid=ef5aa3&_nc_ht=video.fjdo1-2.fna.fbcdn.net&_nc_ohc=eCq4XQTzxXUQ7kNvwESL7ee&efg=eyJ2ZW5jb2RlX3RhZyI6Inhwdl9wcm9ncmVzc2l2ZS5WSV9VU0VDQVNFX1BST0RVQ1RfVFlQRS4uQzMuMzYwLnByb2dyZXNzaXZlX2gyNjQtYmFzaWMtZ2VuMl8zNjBwIiwieHB2X2Fzc2V0X2lkIjoxMDQzNDQ0Nzg1MDgzMTc5LCJhc3NldF9hZ2VfZGF5cyI6MywidmlfdXNlY2FzZV9pZCI6MTIzNzQsImR1cmF0aW9uX3MiOjE1LCJ1cmxnZW5fc291cmNlIjoid3d3In0%3D&ccb=17-1&_nc_gid=cIm2AMU2EHTsTWSSO7r-Dw&_nc_ss=78289&_nc_zt=28&oh=00_AQHxoPxhxiAEx4ls5aDOe9bF_xquwlpqCnw9y7dn-x-56g&oe=6A71B559,1.0,2026-08-06T06:08:21.550609,,,,,,
Meta,1043665708241498,produtos05,2026-07-30,7.0,🛍️ Kit com 3 potes organizadores para geladeira. LINK NA BIO🛍️https://s.shopee.com.br/2qTNyV8FtA#casaorganizada #cozinha #utensiliosdecozinha #organização #organizador,organizador,https://s.shopee.com.br/2qTNyV8FtA,https://video.fjdo10-1.fna.fbcdn.net/o1/v/t2/f2/m367/AQNFcfsAU4aJO0OFQ6Ik0yZsLrQDzjfLtIlq-EOsEJKd5IPXS_o0o-f3oFuQF7LQf6-hQI3JxyIbLYHA3iCSEl7JYTu9V75G7IWP18d7mg.mp4?_nc_cat=111&_nc_oc=AdprMQ1MQ2mf12py-8wDvvildPx4F1EBqfJLS22VFrnsbiCd4ucfghL7XxzOdre5DFc&_nc_sid=ef5aa3&_nc_ht=video.fjdo10-1.fna.fbcdn.net&_nc_ohc=qiiptnXPZ8cQ7kNvwFzQ0OG&efg=eyJ2ZW5jb2RlX3RhZyI6Inhwdl9wcm9ncmVzc2l2ZS5WSV9VU0VDQVNFX1BST0RVQ1RfVFlQRS4uQzMuMzYwLnByb2dyZXNzaXZlX2gyNjQtYmFzaWMtZ2VuMl8zNjBwIiwieHB2X2Fzc2V0X2lkIjo5NTM3NzIxNDc3MjEzNjIsImFzc2V0X2FnZV9kYXlzIjowLCJ2aV91c2VjYXNlX2lkIjoxMjM3NCwiZHVyYXRpb25fcyI6MTYsInVybGdlbl9zb3VyY2UiOiJ3d3cifQ%3D%3D&ccb=17-1&_nc_gid=cIm2AMU2EHTsTWSSO7r-Dw&_nc_ss=78289&_nc_zt=28&oh=00_AQF3p3DKTrhG2rNZwmJHeAInelqjZJUiEsWXv1JP6r_FMg&oe=6A71B6BB,1.0,2026-08-06T06:08:21.550609,,,,,,
Meta,2317826635711864,DeAlba Enxovais,2026-07-30,7.0,"Você arruma o guarda-roupa, deixa tudo no lugar… mas basta procurar uma peça com pressa para virar bagunça de novo?Com o Organizador de Guarda-Roupa, cada roupa fica separada, visível e fácil de encontrar. Você ganha mais espaço, evita peças amassadas e não perde mais tempo revirando tudo.✅ Encontre suas roupas rapidamente✅ Mantenha tudo organizado por muito mais tempo✅ Aproveite melhor cada espaço✅ Chega de arrumar a mesma bagunça todos os dias🔥 Aproveite a oferta e transforme seu guarda-roupa hoje!https://api.whatsapp.com/send/?phone=554891558075&text=Oi!%20Tenho%20interesse%20no%20organizador%20de%20guarda-roupa.%20Ainda%20t%C3%A1%20com%20frete%20gr%C3%A1tis%3F&type=phone_number&app_absent=0Nos visite também na rede vizinha! 👉 https://www.instagram.com/dealbaenxovais/",organizador,https://api.whatsapp.com/send/?phone=554891558075&text=Oi! Tenho interesse no organizador de guarda-roupa. Ainda tá com frete grátis?&type=phone_number&app_absent=0,https://video.fjdo1-1.fna.fbcdn.net/o1/v/t2/f2/m412/AQMqM5BcupTSBUjiIqd6jWm1qCyyhtI0U-isIsb_rfd2xD1uw1KHYdYh0sr5HmcNDjABjfb9g0WPTp9mwVKQNHMWSpauubW97m8SgzVOeQ.mp4?_nc_cat=104&_nc_oc=Adp7S5ykvY_JyjWmOi-hG7Dn2OEbhP37JnWeLtyj3KqWqcJ8dUPFkMSGTT2YNL1YvNs&_nc_sid=ef5aa3&_nc_ht=video.fjdo1-1.fna.fbcdn.net&_nc_ohc=5lD_2WuBB9kQ7kNvwGEjq6I&efg=eyJ2ZW5jb2RlX3RhZyI6Inhwdl9wcm9ncmVzc2l2ZS5WSV9VU0VDQVNFX1BST0RVQ1RfVFlQRS4uQzMuMzYwLnN2ZV9zZCIsInhwdl9hc3NldF9pZCI6MTM5NTEzMDMxMjQ2MzgxNCwiYXNzZXRfYWdlX2RheXMiOjYsInZpX3VzZWNhc2VfaWQiOjEwNzk5LCJkdXJhdGlvbl9zIjoyMywidXJsZ2VuX3NvdXJjZSI6Ind3dyJ9&ccb=17-1&_nc_gid=cIm2AMU2EHTsTWSSO7r-Dw&_nc_ss=78289&_nc_zt=28&oh=00_AQG4zkf30-HWfTk1PfRNycGAJYRLY0OmUVzBsF4VJJ862A&oe=6A71C66A,3.0,2026-08-06T06:08:21.550609,,,,,,
Meta,1671591617246976,Rocha - MKT,2026-07-30,7.0,"Ela negociou o inegociável.Uma mulher com poder magnético sabe de uma coisa: ela não precisa voltar pro ex que nunca soube dar a ela o que ela merecia. Ela para de correr atrás — e passa a atrair quem sabe tratá-la como rainha de verdade.Isso não é sorte. É um método simples, que já ajudou milhares de mulheres a mudar isso.📖 E-book ""O Efeito Magnético"" — por apenas R$ 15,90.👉 Garantir minha cópia agora",magnético,https://comprasvirtuaishoje.com/oefeitomagnetico,https://video.fjdo1-2.fna.fbcdn.net/o1/v/t2/f2/m412/AQMRI0cuyaa_kEJ5YooYUAVwglkf1C1Hdru80TFi8aGdv4fWU2P4P6X5Cj-wgJFhA6fzcW0t-kn1l0d6kiAj6mCTk9-yI1NcMlXYLv8_Gw.mp4?_nc_cat=106&_nc_oc=Adrjw0P7qEM3Nh5bx4matX_eUZX0QDgceBEVvv_bSvLNXQwwoiwjRi896McEgsDGEE4&_nc_sid=ef5aa3&_nc_ht=video.fjdo1-2.fna.fbcdn.net&_nc_ohc=auplOWoptJUQ7kNvwGpXtF7&efg=eyJ2ZW5jb2RlX3RhZyI6Inhwdl9wcm9ncmVzc2l2ZS5WSV9VU0VDQVNFX1BST0RVQ1RfVFlQRS4uQzMuMzYwLnN2ZV9zZCIsInhwdl9hc3NldF9pZCI6MTUxOTY3Njc2OTM2OTIyMywiYXNzZXRfYWdlX2RheXMiOjAsInZpX3VzZWNhc2VfaWQiOjEwNzk5LCJkdXJhdGlvbl9zIjozMSwidXJsZ2VuX3NvdXJjZSI6Ind3dyJ9&ccb=17-1&_nc_gid=d0CkfZT0g6weqlIM8bJqZw&_nc_ss=78289&_nc_zt=28&oh=00_AQFgzIlBglURrXtDLCzVNbHS35BCKOFW-8uHsJcBMj30kQ&oe=6A71B2C4,1.0,2026-08-06T06:08:21.550609,,,,,,
Meta,2054966615108513,Life Ateliê,2026-07-30,7.0,"Bolsa Carmem: Produzida artesanalmente em couro legítimo, ela conta com alça tiracolo e interior pensado para facilitar o dia a dia: são 3 compartimentos principais, sendo duas divisões com zíper de metal para mais segurança e uma divisão central com fechamento magnético para acesso rápido.Além disso, possui bolso interno adicional para pequenos objetos.Disponível em 10 cores para você escolher a sua favorita.- Verde Militar, Azul Marinho, Café e Preto, Preto, Sela e Nude, Sela, Vermelho Carmim, Fendi, Nude e Café, Off White e Sela✨ Couro legítimo✨ Modelos espaçosos e sofisticados✨ Frete grátis para todo Brasil✨ Apenas 5x sem juros de R$97,98🎁 Presente: Ganhe uma tag em couro personalizada com suas iniciaisClique e descubra qual Life combina com você",magnético,https://www.lifeatelie.com.br/,https://video.fjdo1-1.fna.fbcdn.net/o1/v/t2/f2/m412/AQP_nwnUm_X_lp6Bk4blNCLQuT-QfSDeLpvgTuL9xvm7krScDKSxwoWgCHWJV5ZK4mCX17OfySr67a6cXqxiTpeetX-zij2ENAw9jo6uDQ.mp4?_nc_cat=101&_nc_oc=AdqR1xCaUsvJR7gg_G5TuDhxgXI0fLIAzUmAmI7aPo0h0HQ2VnaXj3rSXgd7llqJdYw&_nc_sid=ef5aa3&_nc_ht=video.fjdo1-1.fna.fbcdn.net&_nc_ohc=UunKjpa1E9sQ7kNvwH4ll0c&efg=eyJ2ZW5jb2RlX3RhZyI6Inhwdl9wcm9ncmVzc2l2ZS5WSV9VU0VDQVNFX1BST0RVQ1RfVFlQRS4uQzMuMzYwLnN2ZV9zZCIsInhwdl9hc3NldF9pZCI6MTAwNzUxODI3NTM4NjY5MywiYXNzZXRfYWdlX2RheXMiOjAsInZpX3VzZWNhc2VfaWQiOjEwNzk5LCJkdXJhdGlvbl9zIjoyOSwidXJsZ2VuX3NvdXJjZSI6Ind3dyJ9&ccb=17-1&_nc_gid=d0CkfZT0g6weqlIM8bJqZw&_nc_ss=78289&_nc_zt=28&oh=00_AQHHRmdeZfrlyuCSMKUU-q50-nDg1574JsptWZ3EyBmTSA&oe=6A71BF25,1.0,2026-08-06T06:08:21.550609,,,,,,
Meta,27751673451163214,Fabrica BELLA SOFT,2026-07-30,7.0,"Bella Soft Fábrica 🛏️Colchões Magnéticos • Base Box • Cabeceiras💳 10x sem juros🚚 Pagamento na entrega✨ Conforto, qualidade e o melhor preço!",magnético,,,1.0,2026-08-06T06:08:21.550609,,,,,,
Meta,1567914134988278,Jade Fernandes,2026-07-30,7.0,"✨ Pare de perder horas criando posts do zero.Imagine abrir o Canva e já ter milhares de designs profissionais prontos para personalizar.Com o Feed Magnético, você recebe mais de 2.670 templates editáveis no Canva, criados para deixar seu Instagram muito mais profissional em poucos minutos.✔️ Edite textos, cores e imagens com facilidade✔️ Templates para Feed, Stories e Carrosséis✔️ Organize seu conteúdo com muito mais agilidade✔️ Tutorial em PDF com um passo a passo simples para aprender a editar todos os templatesTudo o que você precisa fazer é escolher o modelo, personalizar com a identidade da sua marca e publicar.🚀 Economize tempo, mantenha um feed organizado e crie conteúdos incríveis com muito mais facilidade.👉 Clique no link e conheça o Feed Magnético.#templatescanva #canvabrasil #empreendedorismodigital #socialmediabr #marketingdigital",magnético,http://feedmagneticoo.com/,https://video.fjdo1-1.fna.fbcdn.net/o1/v/t2/f2/m367/AQPTUHW-VDHxb4lubzt3QtSNgP0psEKTz_d5E9qEumkPXTbt9_iw_zE6OyfSsXjTsqgunVHrfN2MR2YW9l21Ptoz66-x62HB0qsajktgKw.mp4?_nc_cat=104&_nc_oc=AdqZseA5lcEd6nEeAcngbmw6EJGV-s9yLqZflhX2G7OShX00fdjz61Swf0X7ufHCbRQ&_nc_sid=ef5aa3&_nc_ht=video.fjdo1-1.fna.fbcdn.net&_nc_ohc=kBX1xj50XjAQ7kNvwGbTyMH&efg=eyJ2ZW5jb2RlX3RhZyI6Inhwdl9wcm9ncmVzc2l2ZS5WSV9VU0VDQVNFX1BST0RVQ1RfVFlQRS4uQzMuMzYwLnByb2dyZXNzaXZlX2gyNjQtYmFzaWMtZ2VuMl8zNjBwIiwieHB2X2Fzc2V0X2lkIjoxMjQ0NTU3Mzc0NDcyNDE4LCJhc3NldF9hZ2VfZGF5cyI6MCwidmlfdXNlY2FzZV9pZCI6MTIzNzQsImR1cmF0aW9uX3MiOjEzLCJ1cmxnZW5fc291cmNlIjoid3d3In0%3D&ccb=17-1&_nc_gid=d0CkfZT0g6weqlIM8bJqZw&_nc_ss=78289&_nc_zt=28&oh=00_AQFPaB85RCfEgUio5n57U7927alcUbWIMydOuV1XBcDK7Q&oe=6A71A5A6,1.0,2026-08-06T06:08:21.550609,,,,,,
Meta,1835834000458160,O homem Sem Cheiro,2026-07-30,7.0,"Descubra o romance literário que se tornou o maior fenômeno entre o público feminino, com mais de 50 mil leitoras impactadas por uma trama intensamente envolvente. ✨Dentro deste livro, você vai encontrar a história de um homem misterioso e magnético, que esconde segredos profundos sob uma fachada de poder e controle em uma narrativa focada em química pura e diálogos provocantes.🔥Se você quer escapar da rotina e se perder em uma paixão avassaladora que cresce a cada capítulo, clique no botão abaixo para garantir seu acesso digital. 📲",magnético,https://ohomemcheiro.com.br/po/,https://scontent.fjdo1-1.fna.fbcdn.net/v/t39.35426-6/759632361_4048023648828770_3044979912594910912_n.jpg?stp=dst-jpg_s600x600_tt6&_nc_cat=103&ccb=1-7&_nc_sid=c53f8f&_nc_ohc=OaY3eK_YtzIQ7kNvwGVQWZS&_nc_oc=Adp_0qyP4rj-IAwUgCr-8nJJw4Oqheb9--H_qmkzJb4m9xpT-okOsjVCQpyWnHR_T44&_nc_zt=14&_nc_ht=scontent.fjdo1-1.fna&_nc_gid=d0CkfZT0g6weqlIM8bJqZw&_nc_ss=78289&oh=00_AQG1ik_e_s6yfwUrAUrx6UVn3Yti2opu1F6yfRci54DaOA&oe=6A71B4B8,1.0,2026-08-06T06:08:21.550609,,,,,,
Meta,1391132636220092,Clica e Garimpa Por Aí,2026-07-30,7.0,"🌸⌚ Seu novo aliado para cuidar da saúde e do estilo!Elegante, moderno e cheio de funções inteligentes, esse relógio foi feito para acompanhar sua rotina do trabalho ao treino.✨ Monitore sua frequência cardíaca 😴 Acompanhe a qualidade do sono 💪 Registre seus exercícios 🩸 Monitore pressão arterial e oxigenação* 📱 Receba notificações e chamadas no pulso 🔋 Carregamento magnético rápido 💧 Resistência à água IP68 📲 Compatível com Android e iOSDisponível na cor rosa, para combinar com o seu estilo",magnético,https://api.whatsapp.com/send,https://video.fjdo1-1.fna.fbcdn.net/o1/v/t2/f2/m412/AQPaNAZ3rCs68q4YuFWipIZuf8EIgwrmFeQ4cP5r9YYgsFSBQ5TzhCQ65iGodXPC3SZCMyMwxchzYHMnj7_ElKKi5d-nDiPsZv4lVq7g8w.mp4?_nc_cat=101&_nc_oc=AdriTFEeHq02VqPD3u3cwIgLI2gBfmLjiExXrz8fYdIXDrylDSdkq7bpjvNYVMVsa_8&_nc_sid=ef5aa3&_nc_ht=video.fjdo1-1.fna.fbcdn.net&_nc_ohc=d7oHwfQ5HVgQ7kNvwHgf7h5&efg=eyJ2ZW5jb2RlX3RhZyI6Inhwdl9wcm9ncmVzc2l2ZS5WSV9VU0VDQVNFX1BST0RVQ1RfVFlQRS4uQzMuMzU2LnN2ZV9zZCIsInhwdl9hc3NldF9pZCI6MTc2NDUwMzk3MTM5Mzk1MiwiYXNzZXRfYWdlX2RheXMiOjAsInZpX3VzZWNhc2VfaWQiOjEwNzk5LCJkdXJhdGlvbl9zIjoyMSwidXJsZ2VuX3NvdXJjZSI6Ind3dyJ9&ccb=17-1&_nc_gid=d0CkfZT0g6weqlIM8bJqZw&_nc_ss=78289&_nc_zt=28&oh=00_AQEv3uKTBpiL4A13Jvb5__zB0XF_1EIwdsI9C-C7UwAy7A&oe=6A71D6B9,1.0,2026-08-06T06:08:21.550609,,,,,,
Meta,1353358986511041,SOU - Acessórios Feminino,2026-07-30,7.0,"Colar LaraCordões no couro legítimo marrom café, detalhes em metal no banho prata envelhecida e fecho magnético.#colar #colaremcouro #joiascontemporâneas #acessoriosdeluxo #acessoriosemcouro",magnético,,https://scontent.fjdo10-1.fna.fbcdn.net/v/t39.35426-6/760343539_1475890791236885_6290092805825324678_n.jpg?stp=dst-jpg_s600x600_tt6&_nc_cat=102&ccb=1-7&_nc_sid=c53f8f&_nc_ohc=CKZMdpuN51UQ7kNvwEAa5F5&_nc_oc=Ado-1WW2P3U6qkwm2xT2lkjvyzDfqLW1w2aT22x_vZAVp7DJWib5VK8qF278Ck3eY1g&_nc_zt=14&_nc_ht=scontent.fjdo10-1.fna&_nc_gid=d0CkfZT0g6weqlIM8bJqZw&_nc_ss=78289&oh=00_AQFbDbioNoR_NJez3RxXYr7DSzooZRXTMnWbEcLuSNM0BQ&oe=6A71C40C,1.0,2026-08-06T06:08:21.550609,,,,,,
Meta,939088049216842,Bulk Ink Jet Brasil,2026-07-30,7.0,"Impressora Plotter Epson T3170 A1 24″ Adaptada para DTF Têxtil: Com reservatórios externos com capacidade para 300 ml de tinta em cada cor, misturador magnético de tinta branca, reset chip da caixa de manutenção, módulo de limpeza automática, kit de sucção do filme (vácuo) e bandeja frontal.Na compra da Epson T3170 adaptada para DTF, você também recebe 90 dias de suporte gratuito com acompanhamento para instalação, configuração, calibração, uso da impressora e RIP.Todo o suporte é feito por videochamada no WhatsApp e acesso remoto via AnyDesk, para te ajudar em cada etapa.Mais que vender a máquina, entregamos suporte de verdade no pós-venda.#dtf #directtofilm",magnético,https://bulkinkjetbrasil.com.br/produto/impressora-plotter-epson-t3170-a1-24-adaptada-para-dtf-textil/,https://scontent.fjdo1-1.fna.fbcdn.net/v/t39.35426-6/759768240_970776585987668_8366816753664719075_n.jpg?stp=dst-jpg_s600x600_tt6&_nc_cat=101&ccb=1-7&_nc_sid=c53f8f&_nc_ohc=z1ar_VLdKQUQ7kNvwGXS9xY&_nc_oc=AdoINHSEXje5Qt9PMWgC6249ac9MuCm_x2vUxweOpt3cRsZbH4u1T8ZcEJ3J16EuA4w&_nc_zt=14&_nc_ht=scontent.fjdo1-1.fna&_nc_gid=d0CkfZT0g6weqlIM8bJqZw&_nc_ss=78289&oh=00_AQE3baFK9XFIHnrZuHwHc9F4FEyUpzGhKwYg27C2x43Ufw&oe=6A71CCA0,1.0,2026-08-06T06:08:21.550609,,,,,,
Meta,1785267989130979,Luciana Gramacho Psicanalista,2026-07-30,7.0,"Quando se fala em perversão, quase toda a atenção se volta para o perverso.Reconhecer a violência é necessário. Mas uma análise não termina quando se encontra um nome para o outro.Uma mulher passou anos tentando compreender uma relação marcada pelo encantamento e pela humilhação.Ele era magnético. Fazia com que ela se sentisse única e, pouco depois, como se não valesse nada.Alternava ternura e desprezo. Afastava-se e voltava amoroso, como se o homem por quem ela se apaixonara tivesse retornado.Depois do fim, ela descobriu uma dimensão da vida dele que desconhecia.Com outras mulheres, ele exercia sexualmente a dominação. Eram práticas consentidas por quem desejava ocupar a posição de submissa.Havia uma cena conhecida.Um pacto.Com ela, não.Ela jamais teria consentido em ocupar sexualmente aquele lugar.Ainda assim, aprendera a medir as palavras, antecipar reações e tentar recuperar sua ternura depois de cada desprezo.Com as outras, a submissão era uma prática sexual consentida.Com ela, havia se tornado uma relação nunca nomeada nem escolhida.Foi então que perguntou:— Por que ele me escolheu?Ela não desejava o que ele fazia com as outras.O que a perturbava era perceber que, sem participar daquele universo, também havia vivido sob seu domínio.As outras consentiam em ser dominadas dentro de uma cena conhecida.Ela acreditava estar vivendo uma história de amor.A violência foi dele. Mas reconhecer-se como vítima não encerra todas as perguntas.Enquanto a questão for apenas “por que ele fez isso comigo?”, ele continua ocupando o lugar daquele que saberia o que havia nela para ter sido escolhida, degradada e abandonada.A análise começa quando a pergunta muda de endereço.Não apenas:“Por que ele me escolheu?”Mas:“Por que a escolha dele ainda parece capaz de dizer quem sou?”Interrogar esse lugar não transforma a vítima em culpada.Permite que ela deixe de ser apenas aquilo que o perverso fez dela.Às vezes, a forma mais duradoura de domínio é partir deixando uma pergunta cuja resposta parece continuar pertencendo a quem foi embora.Agendamentos pelo WhatsApp.",magnético,http://instagram.com/lugramacho_psicanalista,https://scontent.fjdo1-1.fna.fbcdn.net/v/t39.35426-6/762542828_1950621992310700_5128260348377019891_n.jpg?stp=dst-jpg_s600x600_tt6&_nc_cat=103&ccb=1-7&_nc_sid=c53f8f&_nc_ohc=wO0cpdkOk3UQ7kNvwFgWW7X&_nc_oc=Adq1JArj90uzQ1DuPa-Vm7mPWMdDiMHgawIuAUPxD38FHRf3rI0mEfoYySA6hrPkLC0&_nc_zt=14&_nc_ht=scontent.fjdo1-1.fna&_nc_gid=d0CkfZT0g6weqlIM8bJqZw&_nc_ss=78289&oh=00_AQHp-GB3Tystkia3lCr0fpJI_d0VVKBo6dl26tMKFSyf3g&oe=6A71C804,1.0,2026-08-06T06:08:21.550609,,,,,,
Meta,1018108244356707,Celina Beauty,2026-07-30,7.0,"✨ PROMOÇÃO IMPERDÍVEL NA CELINA BEAUTY! ✨Chegou a oportunidade perfeita para deixar suas unhas lindas e impecáveis! 💅💖🌸 Esmaltação em Gel ou Magnética por apenas R$ 105,00!O que você ganha:✨ Mais durabilidade✨ Brilho intenso✨ Acabamento perfeito✨ Unhas que valorizam ainda mais a sua belezaEscolha entre o efeito clássico da esmaltação em gel ou o brilho sofisticado do esmalte magnético e saia com unhas incríveis! 🤍📍 Agende seu horário e aproveite essa promoção por tempo limitado!Celina Beauty – Realce sua beleza, todos os dias. 💕",magnético,http://instagram.com/celinabeautybr,https://scontent.fjdo1-1.fna.fbcdn.net/v/t39.35426-6/759730733_1593807115717374_8860595680624843468_n.jpg?stp=dst-jpg_s600x600_tt6&_nc_cat=101&ccb=1-7&_nc_sid=c53f8f&_nc_ohc=HnLY4RpXUF0Q7kNvwFEEeVL&_nc_oc=AdrUKIzi2rQSN_ebX4-drpkMP-6TWq3q7kUQ12GBne6ODBUiqHPmYCx4qi4KenoxYw0&_nc_zt=14&_nc_ht=scontent.fjdo1-1.fna&_nc_gid=d0CkfZT0g6weqlIM8bJqZw&_nc_ss=78289&oh=00_AQGvWGeIHfkyYt4uCokCIVOCGsLRiNWXc92d1Zl_dBCBGA&oe=6A71D67E,1.0,2026-08-06T06:08:21.550609,,,,,,
Meta,2266616907423885,REFRISAT,2026-07-30,7.0,"O Daniel apresenta aqui o compressor Turbocor que equipa o Chiller TurboSat da Refrisat, uma das tecnologias mais avançadas disponíveis hoje para refrigeração industrial e HVAC.Diferente dos compressores convencionais, o Turbocor utiliza mancais magnéticos e operação oil-free, eliminando completamente o atrito mecânico interno. O resultado é direto:✔ maior eficiência energética — podendo superar em até 35–40% os sistemas tradicionais✔ zero contaminação por óleo, preservando a troca térmica ao longo da vida útil✔ desgaste praticamente inexistente, com performance estável mesmo após anos de operaçãoAlém disso, o compressor incorpora motor de ímã permanente com inversor de frequência integrado, permitindo modulação de capacidade de aproximadamente 20% a 100%, garantindo eficiência tanto em carga plena quanto parcial .Na prática, isso se traduz em:🔹 menor consumo de energia🔹 maior confiabilidade operacional🔹 redução significativa de manutenção🔹 maior disponibilidade do sistemaO TurboSat combina essa tecnologia com a engenharia da Refrisat para entregar um chiller preparado para aplicações críticas, onde eficiência e continuidade operacional não são opcionais.",magnético,http://instagram.com/refrisat_brasil,https://video.fjdo1-1.fna.fbcdn.net/o1/v/t2/f2/m367/AQPIfSDxqfqh0hvPcatVfzwxs8PKKMUH6pEgoBWb-EBRkBwGfbI1BFID3Sh23YyG3QWRzbNB2f35TbQpOXTdeTckaD3hTNzGdynd6aSeLQ.mp4?_nc_cat=103&_nc_oc=AdqKX73HhwfXguP4Zs__tily-TsBZH_k5N5IfymdcObBKPzvsw5oucLfpXZOYQrkCHU&_nc_sid=ef5aa3&_nc_ht=video.fjdo1-1.fna.fbcdn.net&_nc_ohc=ZVtOW_M3aBwQ7kNvwGTSf1L&efg=eyJ2ZW5jb2RlX3RhZyI6Inhwdl9wcm9ncmVzc2l2ZS5WSV9VU0VDQVNFX1BST0RVQ1RfVFlQRS4uQzMuMzYwLnByb2dyZXNzaXZlX2gyNjQtYmFzaWMtZ2VuMl8zNjBwIiwieHB2X2Fzc2V0X2lkIjoxODExODkxMTg4MDg2ODg3NSwiYXNzZXRfYWdlX2RheXMiOjEzLCJ2aV91c2VjYXNlX2lkIjoxMjM3NCwiZHVyYXRpb25fcyI6NDUsInVybGdlbl9zb3VyY2UiOiJ3d3cifQ%3D%3D&ccb=17-1&_nc_gid=d0CkfZT0g6weqlIM8bJqZw&_nc_ss=78289&_nc_zt=28&oh=00_AQF_9wLSxNJFDYm1AKktoqxF_kDMUxkJebhdQEpvdS98_g&oe=6A71D4D7,1.0,2026-08-06T06:08:21.550609,,,,,,
Meta,1624748806029288,VX Case,2026-07-30,7.0,"A Capa Kevlar MagSafe VX Case eleva a proteção do seu iPhone a outro nível.Com compatibilidade total com acessórios MagSafe, a capa proporciona fixação magnética firme e segura, ideal para quem busca praticidade e tecnologia no dia a dia.✅ Proteção reforçada em Kevlar — resistência de nível profissional contra impactos.✅ Compatível com MagSafe — encaixe magnético preciso e seguro.✅ Design ultrafino e leve — mantém o estilo original do iPhone.✅ Toque antiderrapante e elegante — conforto e segurança nas mãos.✅ Bordas elevadas — proteção extra para tela e câmeras.Corre pro site e aproveite!",magnético,https://www.vxcase.com.br/search?options[prefix]=last&q=kevlar,https://video.fjdo1-2.fna.fbcdn.net/o1/v/t2/f2/m412/AQOwbqD-W2rsYvKDEEzuu7NwprjL267EWvGvKAGUjLZzoWZrLyTh9ejkf88R25S1WcXZ74aO1Y2IQfbznqWRnYvyJ1mYckdkrwl-hhAUqA.mp4?_nc_cat=106&_nc_oc=AdpZKSmb-ZiSModPxxRqTX01T52ePgL2Czb1Wv_7tyVR415aNxPr8hndRXufPYY3Dkg&_nc_sid=ef5aa3&_nc_ht=video.fjdo1-2.fna.fbcdn.net&_nc_ohc=eW7n1MSdvh8Q7kNvwFddi3k&efg=eyJ2ZW5jb2RlX3RhZyI6Inhwdl9wcm9ncmVzc2l2ZS5WSV9VU0VDQVNFX1BST0RVQ1RfVFlQRS4uQzMuMzYwLnN2ZV9zZCIsInhwdl9hc3NldF9pZCI6MTkwMTMzNTc2NzQ3MjcyOSwiYXNzZXRfYWdlX2RheXMiOjI2MCwidmlfdXNlY2FzZV9pZCI6MTA3OTksImR1cmF0aW9uX3MiOjE0LCJ1cmxnZW5fc291cmNlIjoid3d3In0%3D&ccb=17-1&_nc_gid=d0CkfZT0g6weqlIM8bJqZw&_nc_ss=78289&_nc_zt=28&oh=00_AQGSuybJhGxu6fdo-yJ1yRougmjDMgzFpbFDvWc3Vhv2ww&oe=6A71CD30,1.0,2026-08-06T06:08:21.550609,,,,,,
Meta,2195758321299235,Bommeister Colchões ,2026-07-30,7.0,"Dormir bem não acontece por acaso. A qualidade do seu descanso é resultado da tecnologia certa, do conforto ideal e de uma escolha feita para o seu corpo.Os colchões da linha Master contam com tecnologias como Master Magnético e Infravermelho, desenvolvidas para proporcionar uma experiência de descanso ainda mais completa, ajudando você a acordar renovado para viver o melhor de cada dia.No vídeo, nossos consultores explicam como essas tecnologias funcionam e por que elas fazem a diferença na hora de escolher um colchão.Cada detalhe foi pensado para que suas noites sejam mais confortáveis e seus dias com mais disposição.Venha conhecer a linha Master e descubra como a tecnologia pode transformar a maneira como você dorme.📍 Nossas lojas:👉 Colombo: Rodovia da Uva, 1976👉 Atuba: Estrada da Graciosa, 366👉 Juvevê: Rua Augusto Stresser, 1034👉 Pinhais: Rua Manágua, 31#Bommeister #SejaRealRealize #DormirBem #TecnologiaDoSono #QualidadeDeVida",magnético,,https://video.fjdo10-1.fna.fbcdn.net/o1/v/t2/f2/m367/AQNdgme43lqHvBANQaocoVqdt-v75Ww-Z-0uEOd1v3Q-JUiKQMX5xLvgohHKbV5GeVvHho6EIyOPmzWzptyDYZHzHoeYgZ_DHkxdubYkiQ.mp4?_nc_cat=108&_nc_oc=AdptMwsZV603K-NCDUZavGc_Jd8qvGfCO3mwYyO9oXINMTm89jVZamhwBlF0QZItolM&_nc_sid=ef5aa3&_nc_ht=video.fjdo10-1.fna.fbcdn.net&_nc_ohc=mu1O3C06GUwQ7kNvwE24xDv&efg=eyJ2ZW5jb2RlX3RhZyI6Inhwdl9wcm9ncmVzc2l2ZS5WSV9VU0VDQVNFX1BST0RVQ1RfVFlQRS4uQzMuMzYwLnByb2dyZXNzaXZlX2gyNjQtYmFzaWMtZ2VuMl8zNjBwIiwieHB2X2Fzc2V0X2lkIjoyMTM3ODYwMTgzODA4MzMwLCJhc3NldF9hZ2VfZGF5cyI6MTIsInZpX3VzZWNhc2VfaWQiOjEyMzc0LCJkdXJhdGlvbl9zIjozNywidXJsZ2VuX3NvdXJjZSI6Ind3dyJ9&ccb=17-1&_nc_gid=d0CkfZT0g6weqlIM8bJqZw&_nc_ss=78289&_nc_zt=28&oh=00_AQEbhco-KAIfx7uAIs3IowAcia0w8szby49mnp6TJ2p2zw&oe=6A71C282,1.0,2026-08-06T06:08:21.550609,,,,,,
Meta,2268056147357701,Domus Utilidades,2026-07-30,7.0,"Se você valoriza o seu tempo e gosta de um trabalho bem feito, sabe o quanto é irritante perder o ritmo do serviço porque um parafuso caiu da escada ou sumiu na bagunça. 🛠️Ficar segurando prego na boca ou rasgando o bolso da calça com bits pontiagudos é coisa de amador. O verdadeiro profissional trabalha com inteligência.Conheça o Bracelete Magnético Domus. Equipado com ímãs de neodímio ultrafortes, ele segura parafusos, brocas, chaves e pregos direto no seu pulso. É literalmente ter uma terceira mão trabalhando com você.✅ Mais agilidade na montagem e manutenção✅ Segurança total em alturas e escadas✅ Tecido respirável e velcro ajustável profissional💥 CONDIÇÃO EXCLUSIVA DE LANÇAMENTO:De R$ 119,90 por Apenas R$ 79,90 com FRETE GRÁTIS para todo o Brasil.Pare de perder tempo e ferramentas. Clique no botão abaixo e garanta o seu antes que o lote termine!",magnético,https://lojadomusutilidades.com.br/produtos/bracelete-magnetico-domus/,https://video.fjdo10-1.fna.fbcdn.net/o1/v/t2/f2/m412/AQN9z-LK2jM9xFC7jxZPG_zfNQxo6enOtwVyK6ptibgjNVtsQcxetwlxyeqJWhy2K5tPQnVHH4A57q4a5FuRW79ZTbvDZq9GWtg_tBfGvA.mp4?_nc_cat=102&_nc_oc=AdrAe8tuA0_bXU7JXcjCq0Y3LL5YGIBUBN0zMsG0xSPXF3akJlNfAor_5Qpp_gt6aJ4&_nc_sid=ef5aa3&_nc_ht=video.fjdo10-1.fna.fbcdn.net&_nc_ohc=5-HpEAhrkOAQ7kNvwG4hLTE&efg=eyJ2ZW5jb2RlX3RhZyI6Inhwdl9wcm9ncmVzc2l2ZS5WSV9VU0VDQVNFX1BST0RVQ1RfVFlQRS4uQzMuMzYwLnN2ZV9zZCIsInhwdl9hc3NldF9pZCI6MjQwNjgwODUwNjU4NTU2OCwiYXNzZXRfYWdlX2RheXMiOjAsInZpX3VzZWNhc2VfaWQiOjEwNzk5LCJkdXJhdGlvbl9zIjo0MCwidXJsZ2VuX3NvdXJjZSI6Ind3dyJ9&ccb=17-1&_nc_gid=d0CkfZT0g6weqlIM8bJqZw&_nc_ss=78289&_nc_zt=28&oh=00_AQHBKQ63oovJ8UjPeQXGZaV_sj_FBfBciNPrbJk6tSQfMQ&oe=6A71AC8C,1.0,2026-08-06T06:08:21.550609,,,,,,
Meta,1786522789466923,Peg Perego Brasil,2026-07-30,7.0,"#MomentosPeg👣🌱 O mundo lá fora é cheio de cheiros, texturas, cores e caminhos pra explorar. E cada caminho percorrido vira uma memória guardada.Enquanto os pequenos ainda estão descobrindo esse ritmo, o carrinho de bebê X-Country caminha junto, garantindo conforto e segurança em cada passeio, do parque ao terreno mais desafiador.✔️ Para crianças recém-nascidas até 22kg✔️ Capota extensível com proteção UV 50+✔️ Rodas emborrachadas✔️ Amortecedores✔️ Encosto reclinável e apoio para os pés ajustável✔️ Fechamento automático e super compacto✔️ Cinto de segurança magnético para mais praticidade no dia a diaQual vai ser a próxima trilha de vocês? Conta pra gente nos comentários! 💛#Peg #PegBrasil #CarrinhoDeBebe #xCountry",magnético,http://instagram.com/pegperegobrasil,https://scontent.fjdo1-1.fna.fbcdn.net/v/t39.35426-6/760160884_1385711390122963_6907855695956379886_n.jpg?stp=dst-jpg_s600x600_tt6&_nc_cat=104&ccb=1-7&_nc_sid=c53f8f&_nc_ohc=tl2uD5sO0McQ7kNvwE8nzNB&_nc_oc=Adoa0ohluMD6myBmW9C2HU6OZ8fCyQVrHe9lAEEIXmrsSYBz6AIfskwzB3p6BrEMT0U&_nc_zt=14&_nc_ht=scontent.fjdo1-1.fna&_nc_gid=d0CkfZT0g6weqlIM8bJqZw&_nc_ss=78289&oh=00_AQHtMkUkdtzKIw4WEm4U6SpaJ8ChX1t-IzWv9QO3iNSbSw&oe=6A71C2A1,1.0,2026-08-06T06:08:21.550609,,,,,,
Meta,1602720087957932,Nagem.com.br,2026-07-30,7.0,"Para o pai que está sempre conectado, um presente que não deixa a bateria acabar no meio do dia.O Carregador Portátil Lity P11 oferece 20.000mAh de capacidade, carregamento de até 20W e portas USB-A e USB-C para acompanhar diferentes dispositivos.Neste Dia dos Pais, presenteie com praticidade e autonomia. Encontre na Nagem.Oferta válida no site ou no app, de 27/07 a 02/08 ou enquanto durarem os estoques",portátil,https://www.nagem.com.br/produto/detalhes/647250/Carregador+Portatil+Lity+P11+20.000mAh+20W+com+Visor+Portas+USB-A+e+USB-C+Preto,https://scontent.fjdo10-2.fna.fbcdn.net/v/t39.35426-6/759547531_959543287095245_1036662717547331200_n.jpg?stp=dst-jpg_s600x600_tt6&_nc_cat=105&ccb=1-7&_nc_sid=c53f8f&_nc_ohc=dFhFLrk8z9gQ7kNvwG6RnKp&_nc_oc=Ado9xIY93TsDsZ_RqhA9iCFBkJ9MgmeILQ5q-ZVN0AfJZD8g-nTrPks5JgRe5SgJaJY&_nc_zt=14&_nc_ht=scontent.fjdo10-2.fna&_nc_gid=cuAUzA7wRtG5hSbxYD_Jcw&_nc_ss=78289&oh=00_AQGmMvyCl1o-xMUMYOKUMT3qXBEyz64IZCJ3GH_iYnWRHw&oe=6A71C287,1.0,2026-08-06T06:08:21.550609,,,,,,
Meta,897602916245917,BYD Osten,2026-07-30,7.0,BYD Song Pro GL 2027 Super Híbrido 🌍 A partir de R$ 161.490 na venda direta para CPF*. Ganhe carregador portátil e veículo isento de rodízio. Fale com um executivo Osten. *Valor promocional para a modalidade de venda direta para CPF. Consulte condições e versões.,portátil,https://bydosten.com.br/whatsapp-meta-byd-osten,https://scontent.fjdo1-2.fna.fbcdn.net/v/t39.35426-6/758427254_2340180633181182_3291227211451451300_n.jpg?stp=dst-jpg_s600x600_tt6&_nc_cat=109&ccb=1-7&_nc_sid=c53f8f&_nc_ohc=c4E_DOehvlUQ7kNvwHQmHij&_nc_oc=AdoDzuel-LqaSZqGkAIAQca-6rDsaAFIJpmW9irzAHuIQ-BQHK1iKRQvdChvpYSc1yc&_nc_zt=14&_nc_ht=scontent.fjdo1-2.fna&_nc_gid=cuAUzA7wRtG5hSbxYD_Jcw&_nc_ss=78289&oh=00_AQF9gLNdjLzblxs5IPO59wDFsHOHfe4C1BL8JNUroKyj8w&oe=6A71BD84,1.0,2026-08-06T06:08:21.550609,,,,,,
Meta,1403998831635413,Lojas ClubSmart,2026-07-30,7.0,"Com essa bateria portátil por indução, você carrega seu iPhone sem cabo, sem bagunça e em segundos!🔋📲É só aproximar que ela gruda magneticamente e começa a carregar.Perfeita para quem:✔ usa muito o celular durante o dia✔ viaja ou sai bastante✔ não quer ficar preso em tomadaCompacta, prática e feita para quem usa MagSafe.Depois que você usa uma dessas…fica difícil viver sem. 😅Delivery grátis São Luís📦🚀Pedidos no direct ou link na bio💬Chama no direct com a palavra QUERO que te envio os detalhes.#saoluis #powerbank #bateriaportátil #iphone #clubsmart",portátil,http://instagram.com/clubsmart._,https://video.fjdo1-1.fna.fbcdn.net/o1/v/t2/f2/m69/AQP848PUSyOUPnfyOROGUXph89nj5FVtjvZ7mlZE-SEwBCngV5q2vZvGmBihu2-rz0uAdQkRDODygkwbky3ftkwr.mp4?strext=1&_nc_cat=104&_nc_oc=AdpT8vbgSKG7BPMpBzskIZs15wCb_9PxzKiPRFkmmbYyX6XjnzP9xl8KffD25VmKtuY&_nc_sid=b66105&_nc_ht=video.fjdo1-1.fna.fbcdn.net&_nc_ohc=Yyw1rXTLX28Q7kNvwHJ73st&efg=eyJ2ZW5jb2RlX3RhZyI6Inhwdl9wcm9ncmVzc2l2ZS5WSV9VU0VDQVNFX1BST0RVQ1RfVFlQRS4uQzMuMzYwLmRhc2hfYmFzZWxpbmVfM192MSIsInhwdl9hc3NldF9pZCI6MTc5NzAyOTMxNjYwMDE4MzEsImFzc2V0X2FnZV9kYXlzIjoxMzcsInZpX3VzZWNhc2VfaWQiOjEyMzc0LCJkdXJhdGlvbl9zIjoxNCwidXJsZ2VuX3NvdXJjZSI6Ind3dyJ9&ccb=17-1&vs=143cac8fffe89577&_nc_vs=HBksFQIYOnBhc3N0aHJvdWdoX2V2ZXJzdG9yZS9HQzA3eFNiVTZ1U3VGN0pkQURmOUJoZFg0VUZWYnNwVEFRQUYVAALIARIAFQIYUWlnX3hwdl9wbGFjZW1lbnRfcGVybWFuZW50X3YyLzlDNDJCQTAzQUFGRTAyMTI1QkI1Q0JGMzUwN0NEMTk3X2F1ZGlvX2Rhc2hpbml0Lm1wNBUCAsgBEgAoABgAGwKIB3VzZV9vaWwBMRJwcm9ncmVzc2l2ZV9yZWNpcGUBMRUAACbOutrK3fjrPxUCKAJDMywXQCzdsi0OVgQYEmRhc2hfYmFzZWxpbmVfM192MREAdQBlrMEBAA&_nc_gid=cuAUzA7wRtG5hSbxYD_Jcw&_nc_ss=78289&_nc_zt=28&oh=00_AQHuvJHLwvrfhV6JDD-FDpCkel2JkpsHuUgPXy1Tt8hU_g&oe=6A71BA2E,2.0,2026-08-06T06:08:21.550609,,,,,,
Meta,1546732593852668,LP Seabra,2026-07-30,7.0,"Música boa e praticidade para o seu pai! 🎶🎁🔊 - O presente perfeito está na LP: Mini Caixa de Som Aiwa. Com som de alta qualidade e design totalmente portátil, é a opção ideal para ele levar a festa para qualquer lugar!💰 - OFERTA ESPECIAL: Por apenas R$ 599,00 à vista ou em 6x de R$ 110,00.💚 Aproveite essa parcelinha maravilhosa que você só encontra aqui na LP. Venha garantir esse presentão na loja ou chame a nossa equipe no WhatsApp!",portátil,,https://video.fjdo1-2.fna.fbcdn.net/o1/v/t2/f2/m367/AQM4hEgYGuVTYXyKyZc_NEurZWFy4ylALN5WHUyPHWKYXYjS_uVtJxxQ9vivvjYrmUaCvC2rUOh_neq-eo4_f6NfFS9cm8fl715b-skGZQ.mp4?_nc_cat=109&_nc_oc=AdoSKFCcsXYsNX8_j1G6aLDkRzq1b4PbJ8itYRHhfH1RRQhxZJkfqNcDdbxA7a29Fh4&_nc_sid=ef5aa3&_nc_ht=video.fjdo1-2.fna.fbcdn.net&_nc_ohc=hGkscCVz1vMQ7kNvwFoXGvj&efg=eyJ2ZW5jb2RlX3RhZyI6Inhwdl9wcm9ncmVzc2l2ZS5WSV9VU0VDQVNFX1BST0RVQ1RfVFlQRS4uQzMuMzYwLnByb2dyZXNzaXZlX2gyNjQtYmFzaWMtZ2VuMl8zNjBwIiwieHB2X2Fzc2V0X2lkIjoxODM2NzY3NDI4MzIxMDQ4NSwiYXNzZXRfYWdlX2RheXMiOjAsInZpX3VzZWNhc2VfaWQiOjEyMzc0LCJkdXJhdGlvbl9zIjoxNywidXJsZ2VuX3NvdXJjZSI6Ind3dyJ9&ccb=17-1&_nc_gid=cuAUzA7wRtG5hSbxYD_Jcw&_nc_ss=78289&_nc_zt=28&oh=00_AQGqyYUsMe-gJ-nZGK55M8P8L4dAyHbaROioLLJKuCKyIQ&oe=6A71AA4D,2.0,2026-08-06T06:08:21.550609,,,,,,
Meta,1339099438395914,Dfshop importados,2026-07-30,7.0,"Lanterna Militar Potente De Led - Portátil & Recarregável Descrição do Produto Garanta mais segurança no seu dia a dia com a Mini Lanterna Tática com Choque Elétrico! Compacta, potente e fácil de carregar, ela combina iluminação forte com função de defesa pessoal, ideal para uso noturno, viagens, caminhadas e situações de emergência. Seu design discreto permite levar no bolso, bolsa ou até na mão, oferecendo praticidade e proteção sempre que precisar. Benefícios Maior segurança pessoal no dia a dia Lanterna potente para ambientes escuros Função de choque para defesa pessoal Compacta, leve e fácil de transportar Baixo consumo de energia Design ergonômico com pulseira de segurança Características Função 2 em 1: lanterna + defesa pessoal Botão de acionamento rápido Corpo resistente e durável Alça de pulso para maior segurança#brasil🇧🇷 #mulheres #proteção #defesapessoal #lanternatatica",portátil,https://www.mercadolivre.com.br/up/MLBU4068628521?matt_tool=38524122&pdp_filters=item_id:MLB6937862316&ua=j34NRL7mjcx4SA8XRkHCm_595XMBilk-0HlgcBw5KKDYhzY#origin=share&sid=share&wid=MLB6937862316&action=copy,https://video.fjdo1-1.fna.fbcdn.net/o1/v/t2/f2/m367/AQO2j973vuDojvGKxF1O-lKii2PxQC0p7zQmus97iXi5dw9LHIxE1Yx67iQ5UUUQyZYzyz5CJ8ha1mIwa7Fx1JqYxXYS45nqPHKI65CdGQ.mp4?_nc_cat=103&_nc_oc=Adr1eIXvm1dyVPIjG4k6FrnxxaBebLI5M1xGmuGbDXBM--vIGRibyRDJq8b8lD6g6iY&_nc_sid=ef5aa3&_nc_ht=video.fjdo1-1.fna.fbcdn.net&_nc_ohc=Fy1CEHQyXOkQ7kNvwG--Spi&efg=eyJ2ZW5jb2RlX3RhZyI6Inhwdl9wcm9ncmVzc2l2ZS5WSV9VU0VDQVNFX1BST0RVQ1RfVFlQRS4uQzMuMzYwLnByb2dyZXNzaXZlX2gyNjQtYmFzaWMtZ2VuMl8zNjBwIiwieHB2X2Fzc2V0X2lkIjoxNjUxMTIyMTIwMzUwNzEyLCJhc3NldF9hZ2VfZGF5cyI6MCwidmlfdXNlY2FzZV9pZCI6MTIzNzQsImR1cmF0aW9uX3MiOjIxLCJ1cmxnZW5fc291cmNlIjoid3d3In0%3D&ccb=17-1&_nc_gid=cuAUzA7wRtG5hSbxYD_Jcw&_nc_ss=78289&_nc_zt=28&oh=00_AQH2RQyc2asJ9svpN--pFUG9oGkx8Fu-KJoKbi1nmlSfrQ&oe=6A71BE77,2.0,2026-08-06T06:08:21.550609,,,,,,
Meta,1629097948752195,Agroestiva Agropecuária,2026-07-30,7.0,"✅ Não é sorteio! É BRINDE NA HORA!👉 Até o dia 08 de novembro você leva pra casa uma caixa de som portátil, para compras acima de R$700.🤠 Venha pra Agroestiva adquirir o presente do seu pai!📍 Av. Marginal Direita 1074 - Colombo PR📞 41 3666-6341#agroestivacolombo #diadospaischegando #presentepropai #brinde #diadospaiséaqui",portátil,,https://video.fjdo10-1.fna.fbcdn.net/o1/v/t2/f2/m367/AQONzUyRN-ZHJP9vfZ9Zh20slzV_5BmnpOTN2526l88Mampx5FZwSul4os2QRQCKHy2_b05N3lATWV_LJdn3OrTwMoXZoaRM7SSbv8bNdw.mp4?_nc_cat=110&_nc_oc=Adra4_FzhF0vn73YV_Ql6ReYtfq-SumA-1KqtNRjfeAZZgI0RRariLOp5xi5YGhhALs&_nc_sid=ef5aa3&_nc_ht=video.fjdo10-1.fna.fbcdn.net&_nc_ohc=IlHK73Q3sPwQ7kNvwGAiGIQ&efg=eyJ2ZW5jb2RlX3RhZyI6Inhwdl9wcm9ncmVzc2l2ZS5WSV9VU0VDQVNFX1BST0RVQ1RfVFlQRS4uQzMuMzYwLnByb2dyZXNzaXZlX2gyNjQtYmFzaWMtZ2VuMl8zNjBwIiwieHB2X2Fzc2V0X2lkIjoxMDMzOTYyNjU5MzcxNjMyLCJhc3NldF9hZ2VfZGF5cyI6MCwidmlfdXNlY2FzZV9pZCI6MTIzNzQsImR1cmF0aW9uX3MiOjIxLCJ1cmxnZW5fc291cmNlIjoid3d3In0%3D&ccb=17-1&_nc_gid=cuAUzA7wRtG5hSbxYD_Jcw&_nc_ss=78289&_nc_zt=28&oh=00_AQH8igR46vCnOGpHzzKmQ9auwYjihXhpzUHKVRFNxWZaOA&oe=6A71B31C,1.0,2026-08-06T06:08:21.550609,,,,,,
Meta,790448824125080,gaarimpeii,2026-07-30,7.0,"✨ Café cremoso em segundos! ☕🤎Chega de mexer na colher! Com o mixer portátil, você prepara um café cremoso, espuma o leite, mistura cappuccino, chocolate quente, whey e muito mais em poucos segundos.✅ Prático e leve✅ Fácil de usar✅ Perfeito para o dia a diaTransforme seu café de todos os dias em uma experiência deliciosa! 😍#publi",portátil,https://www.instagram.com/_u/gaarimpeii,https://video.fjdo1-2.fna.fbcdn.net/o1/v/t2/f2/m412/AQOxUes9LY7nOf7dItmvSkQBtJ16qMkPt2VnCEAO0BgjPpihtUixiqeq7qkACMeYJrUHj8q83r0my13fFU3YCm_CeJOAVFVmT7zb1xoGHg.mp4?_nc_cat=106&_nc_oc=AdppSVtNhwwmME7AC2MUS5pVdblto7sNf290t8fwP7f7RFm9HY0YD77ePfMdyNo14jY&_nc_sid=ef5aa3&_nc_ht=video.fjdo1-2.fna.fbcdn.net&_nc_ohc=wQaflDJ8EhEQ7kNvwG3R7ik&efg=eyJ2ZW5jb2RlX3RhZyI6Inhwdl9wcm9ncmVzc2l2ZS5WSV9VU0VDQVNFX1BST0RVQ1RfVFlQRS4uQzMuMzYwLnN2ZV9zZCIsInhwdl9hc3NldF9pZCI6MTQ4OTgwMjgzMjk0ODY4OSwiYXNzZXRfYWdlX2RheXMiOjAsInZpX3VzZWNhc2VfaWQiOjEyMzczLCJkdXJhdGlvbl9zIjoxMCwidXJsZ2VuX3NvdXJjZSI6Ind3dyJ9&ccb=17-1&_nc_gid=cuAUzA7wRtG5hSbxYD_Jcw&_nc_ss=78289&_nc_zt=28&oh=00_AQEYNisNxcWwf-ufxg79XMj0nQ2owp3GvWsQMpRqMJQuYw&oe=6A71CFCC,1.0,2026-08-06T06:08:21.550609,,,,,,
Meta,868453479442073,Dentista Só Pra Baixinhos,2026-07-30,7.0,"ANESTESIA COMPUTADORIZADA PORTÁTIL — BoosterVocê conhece?A odontologia evoluiu… e o momento da anestesia também pode (e deve!) ser melhor 🩷A anestesia é um dos momentos mais delicados do atendimento odontológico, especialmente na odontopediatria.Quando esse passo falha, seja por dor, desconforto ou técnica inadequada, todo o manejo comportamental pode ser comprometido — gerando medo, resistência e até traumas futuros no paciente. (KLEIN, U.; HENRY, R. G. Local Anesthesia in Pediatric Dentistry. *Pediatric Dentistry*, 2018.)Agora pensa comigo: se a gente pode transformar esse momento em algo mais leve… por que não?✨ A anestesia computadorizada portátil veio justamente pra isso.O BOOSTER, da Prime Welt, permite melhor controle da pressão e do fluxo do anestésico, tornando a aplicação mais confortável e previsível.Na prática?Menos dor, mais controle… e um paciente muito mais tranquilo na cadeira 💛E aqui entra um ponto MUITO importante:Produtos com registro na ANVISA passam por testes rigorosos de segurança, qualidade e eficácia. Isso significa:✔️ controle real da dose e da pressão✔️ materiais seguros ✔️ menor risco de falhas✔️ suporte técnico e rastreabilidadeOs periféricos da @primewelt têm registro na ANVISA, inspeção de qualidade e garantia.⚠️ Atenção: usar produtos sem registro pode trazer consequências sérias — apreensão do equipamento, multa e até interdição do consultório, além de implicações éticas.No fim, aquela “economia” pode virar um risco grande: financeiro, profissional… e, principalmente, para a segurança do paciente.💛 Pra quem se interessou:🎟️ Cupom: DESCONTOLELER$ 1.000 OFF para os 12 primeiros + condições especiais📲 WhatsApp: (11) 93002-1936Diga que é seguidor do Dentista Só Pra Baixinhos 😉",portátil,,https://video.fjdo1-1.fna.fbcdn.net/o1/v/t2/f2/m367/AQNG9YOOwU6vxlzztRfbktVney8Yqno2AGe6_iDZJwqnfHgTknFYfb97O0g0iqFcVYcoBLIdqDYPLgJNYsQtvicNdlevKq2KKZ9zzhfNyw.mp4?_nc_cat=104&_nc_oc=AdqwAgEnGg5Avx-KYxbRgIQMYRktnP2HB5qZt2skGBg4JaFw6aMMdkEmOSwFBwq-ZO0&_nc_sid=ef5aa3&_nc_ht=video.fjdo1-1.fna.fbcdn.net&_nc_ohc=gJd2b5nLqBcQ7kNvwH3EG45&efg=eyJ2ZW5jb2RlX3RhZyI6Inhwdl9wcm9ncmVzc2l2ZS5WSV9VU0VDQVNFX1BST0RVQ1RfVFlQRS4uQzMuMzYwLnByb2dyZXNzaXZlX2gyNjQtYmFzaWMtZ2VuMl8zNjBwIiwieHB2X2Fzc2V0X2lkIjo4NjA1Njg1MTcwNzEwNjUsImFzc2V0X2FnZV9kYXlzIjo5MSwidmlfdXNlY2FzZV9pZCI6MTIzNzQsImR1cmF0aW9uX3MiOjE0OSwidXJsZ2VuX3NvdXJjZSI6Ind3dyJ9&ccb=17-1&_nc_gid=cuAUzA7wRtG5hSbxYD_Jcw&_nc_ss=78289&_nc_zt=28&oh=00_AQHfb3UEA9jld38eDoblBsgacVAXzfxWwfTE10YnkXHZ1Q&oe=6A71D622,1.0,2026-08-06T06:08:21.550609,,,,,,
Meta,1574889170944519,Ciana Weingarten,2026-07-30,7.0,"Ninguém imagina o que existe dentro desse cérebro… 🧠✨O Miolito não foi criado apenas para ser bonito. Ele foi pensado para acompanhar a criança em momentos em que ela precisa organizar as mãos, a atenção e a autorregulação.Um cérebro divertido por fora. Três reguladores sensoriais por dentro. 💛Pequeno no tamanho, mas cheio de possibilidades para o dia a dia de crianças, famílias e profissionais.Se você procura um recurso prático, portátil e pensado com propósito, o Miolito pode ser um grande aliado.✨ Disponível em nosso site.",portátil,https://www.rocle.com.br/produtos/miolito-companheiro-sensorial-zus98/?variant=1565323989,https://video.fjdo10-1.fna.fbcdn.net/o1/v/t2/f2/m367/AQOKONsw7Xi4hEOVlbjXPfgMN8GjUMbE2oBSM0JJPtva8qhL0Cp1mYjz_9vIWyukY8N-IpdnvLhwY-IL7tOlwdFd2Qj-XHQ5ksi3hRdMgQ.mp4?_nc_cat=108&_nc_oc=AdqtYoUf3xKDsj6rJOq3K8nIOT2tu3CbG_9qSsW8zaC2I4uDYKkAoqFCQ8lbPbOgUGg&_nc_sid=ef5aa3&_nc_ht=video.fjdo10-1.fna.fbcdn.net&_nc_ohc=wLoLPXtT8OkQ7kNvwESpSOA&efg=eyJ2ZW5jb2RlX3RhZyI6Inhwdl9wcm9ncmVzc2l2ZS5WSV9VU0VDQVNFX1BST0RVQ1RfVFlQRS4uQzMuMzYwLnByb2dyZXNzaXZlX2gyNjQtYmFzaWMtZ2VuMl8zNjBwIiwieHB2X2Fzc2V0X2lkIjoxNjMxNTMyNDM1MDM4MzQyLCJhc3NldF9hZ2VfZGF5cyI6MSwidmlfdXNlY2FzZV9pZCI6MTIzNzQsImR1cmF0aW9uX3MiOjMwLCJ1cmxnZW5fc291cmNlIjoid3d3In0%3D&ccb=17-1&_nc_gid=cuAUzA7wRtG5hSbxYD_Jcw&_nc_ss=78289&_nc_zt=28&oh=00_AQHvPNyMlq7Qi3dT5MWcp1VnUXswUQBho1YK-m8Qcyvd8Q&oe=6A71D0CE,1.0,2026-08-06T06:08:21.550609,,,,,,
Meta,1050697624573693,Cresci e Perdi São Joaquim da Barra/SP,2026-07-30,7.0,"🚨 Única oportunidade para desapegar nos dias 30, 31 de julho e 1º de agosto! 🦒💛Compramos tudo do universo infantil:👶 Roupinhas do RN ao tamanho 16👟 Calçados do RN ao tamanho 16🧸 Brinquedos🚼 Carrinho de bebê💺 Bebê conforto🛁 Banheira portátil🛏️ Chiqueirinho🍼 Itens de enxoval💸 Pagamento na hora via Pix, direto na sua conta.📍 Endereço: Avenida 9, nº 59  entre a Rua 5 e a Rua 7. Centro- Orlândia",portátil,,https://video.fjdo10-2.fna.fbcdn.net/o1/v/t2/f2/m367/AQNaDkj8yxdp4ky8lSfA2As1m-bwNCJ9zHwHE32pc53_nv9_AOMHMUJG71iPy8SM9INzFb8y9uSEZB62PK9I8q_MZr0u3Jq4M3Lh3XRP1g.mp4?_nc_cat=105&_nc_oc=AdrqCCVrYIx2q484VhkZhc8jAf9qKGZYHysLM6QN_VcMfr4XkVmi6OJoA7tgAUtkgFA&_nc_sid=ef5aa3&_nc_ht=video.fjdo10-2.fna.fbcdn.net&_nc_ohc=SryDcGq0S_sQ7kNvwEz2t5J&efg=eyJ2ZW5jb2RlX3RhZyI6Inhwdl9wcm9ncmVzc2l2ZS5WSV9VU0VDQVNFX1BST0RVQ1RfVFlQRS4uQzMuMzYwLnByb2dyZXNzaXZlX2gyNjQtYmFzaWMtZ2VuMl8zNjBwIiwieHB2X2Fzc2V0X2lkIjoxNTYzMzUwNDU1MjM0MzkwLCJhc3NldF9hZ2VfZGF5cyI6MCwidmlfdXNlY2FzZV9pZCI6MTIzNzQsImR1cmF0aW9uX3MiOjU4LCJ1cmxnZW5fc291cmNlIjoid3d3In0%3D&ccb=17-1&_nc_gid=cuAUzA7wRtG5hSbxYD_Jcw&_nc_ss=78289&_nc_zt=28&oh=00_AQH-dk_a3kcYxpNPyN1KZ8sDdK_Dy58BhUcsc7FV8bw3AA&oe=6A71AB65,1.0,2026-08-06T06:08:21.550609,,,,,,
Meta,1361938725911105,Shopee,2026-07-30,7.0,"🚶‍♂️🌳 Férias também são sobre desacelerar, aproveitar o momento e criar novas experiências.Que tal transformar um simples piquenique em um momento especial? 🧡Com um fogão de indução portátil, um cantinho ao ar livre e uma boa companhia, qualquer dia pode se tornar inesquecível. ✨🧺✨ Lista de produtos para montar o piquenique perfeito:🔥 Cooktop de Indução Britânia (1 boca) — ID: CGC-JSC-LXJ🧺 Cesta de piquenique — ID: BTZ-QHF-DVG🪑 Cadeira dobrável — ID: AAG-BSQ-JGX🧊 Bolsa térmica expansível — ID: AUN-HVP-LZW🌿 Tapete de piquenique portátil — ID: AAU-TCK-AJUTudo isso você encontra na @shopee_br para aproveitar as férias ao ar livre com muito mais conforto e praticidade! 🧡💬 Qual desses itens não pode faltar no seu piquenique?#Publicidade #ShopeeBR #AchadinhosShopee #Lifestyle #Piquenique",portátil,,https://video.fjdo1-1.fna.fbcdn.net/o1/v/t2/f2/m367/AQMmlnO79ogIWHPKkxiw01rNmxpA9HsC8Aa5RCNhd0l_6mewWuPCkCag0Vz6yB8Q8w-hSCMbZ7ZrhQndXVpaUIS0sqXi25Up7ihg4eMNIw.mp4?_nc_cat=101&_nc_oc=AdoTG1iLvY8GMtlvGk_JVoLiBhemX9lmJKS1rsPrDCmqRCC2-dsK3VkDuFwkOWSxfqM&_nc_sid=ef5aa3&_nc_ht=video.fjdo1-1.fna.fbcdn.net&_nc_ohc=Z8vzRAhfkAsQ7kNvwF73R91&efg=eyJ2ZW5jb2RlX3RhZyI6Inhwdl9wcm9ncmVzc2l2ZS5WSV9VU0VDQVNFX1BST0RVQ1RfVFlQRS4uQzMuMzYwLnByb2dyZXNzaXZlX2gyNjQtYmFzaWMtZ2VuMl8zNjBwIiwieHB2X2Fzc2V0X2lkIjoxNDU1MDkxODI5NzEwMjI3LCJhc3NldF9hZ2VfZGF5cyI6MiwidmlfdXNlY2FzZV9pZCI6MTIzNzQsImR1cmF0aW9uX3MiOjQ2LCJ1cmxnZW5fc291cmNlIjoid3d3In0%3D&ccb=17-1&_nc_gid=L4cwYqxfyI9bOvyMnmAY-g&_nc_ss=78289&_nc_zt=28&oh=00_AQEGBhrsW1LKN0Tho3z2FU7qvJXGDWL80_16Ki6Y5Bzwlw&oe=6A71B7E5,1.0,2026-08-06T06:08:21.550609,,,,,,
Meta,1061736639607012,renovelectric,2026-07-30,7.0,"🚀 Sem carteira, sem gasolina... só ligar e partir! A Scooter Elétrica J10 800W é liberdade e praticidade no seu dia a dia 🌱⚡✅ Não precisa emplacar✅ Resistente à chuva✅ Carrega na tomada✅ Painel digital moderno✅ Bateria portátil🌍 Mobilidade inteligente é com a Renov Electric!#RenovElectric #ScooterElétrica #MobilidadeUrbana #SemGasolina #EcoFriendly #Inovação #EnergiaLimpa #Sustentabilidade #EstiloDeVida",portátil,https://www.instagram.com/_u/renovelectric,https://video.fjdo10-1.fna.fbcdn.net/o1/v/t2/f2/m86/AQOvvG-B2oKU7ODJDEwlTWfolfEEW2C42rEUAI-M9bAuNhbY14Evp_0fd45v8tYWIXbcbtoKMHAV5ZZcCF4KzpXAdDtw9i-YXNo3II4.mp4?_nc_cat=110&_nc_oc=AdpKM5f0tS6XAhnRh2nDruXHExPfDbgwXjmhJ3ZIhv-RttoBtJj9UqOkRAfjW20NHJs&_nc_sid=b66105&_nc_ht=video.fjdo10-1.fna.fbcdn.net&_nc_ohc=xZDKHX4ZehgQ7kNvwHrpGuE&efg=eyJ2ZW5jb2RlX3RhZyI6Inhwdl9wcm9ncmVzc2l2ZS5WSV9VU0VDQVNFX1BST0RVQ1RfVFlQRS4uQzMuMzYwLmRhc2hfYmFzZWxpbmVfM192MSIsInhwdl9hc3NldF9pZCI6MTQ1ODI2NDg3MjE3Nzc4MywiYXNzZXRfYWdlX2RheXMiOjMzOSwidmlfdXNlY2FzZV9pZCI6MTIzNzQsImR1cmF0aW9uX3MiOjI2LCJ1cmxnZW5fc291cmNlIjoid3d3In0%3D&ccb=17-1&vs=4ad90aef4d9c5cd1&_nc_vs=HBksFQIYUmlnX3hwdl9yZWVsc19wZXJtYW5lbnRfc3JfcHJvZC82MjRDNjZERjQ0NTlDQUI4OUU0RDA5Qjk5MkI5Qjc5NF92aWRlb19kYXNoaW5pdC5tcDQVAALIARIAFQIYR2lnX3hwdl9yZWVsc19wZXJtYW5lbnRfc3JfcHJvZC8xOTY1MjQ5NDg0MjIzNTc2XzgzMTAxMzcxODM2OTAwNjg3NDEubXA0FQICyAESACgAGAAbAogHdXNlX29pbAExEnByb2dyZXNzaXZlX3JlY2lwZQExFQAAJu7BjvuXkpcFFQIoAkMzLBdAOjMzMzMzMxgSZGFzaF9iYXNlbGluZV8zX3YxEQB1AGWswQEA&_nc_gid=L4cwYqxfyI9bOvyMnmAY-g&_nc_ss=78289&_nc_zt=28&oh=00_AQFhRO-RAPtC0E7nddlEaMVIM22zIIOzabETo17xNy3BbA&oe=6A6DE643,1.0,2026-08-06T06:08:21.550609,,,,,,
Meta,2035682267053128,Elite Star Centro Automotivo ,2026-07-30,7.0,"A partir de R$39,90 cada instalado !!!",automotivo,,,2.0,2026-08-06T06:08:21.550609,,,,,,
Meta,2438464113314395,Dagoberto Liberato,2026-07-30,7.0,"Oportunidade Única de Investimento: Negócio Sólido e Faturamento Imediato!​Você está procurando estabilidade financeira ou quer expandir seu patrimônio? Temos a oportunidade perfeita para você entrar no mercado já faturando.​Localizado em uma região estratégica, este imóvel comercial conta com duas excelentes modalidades de negócio:​Centro Automotivo completo!Com o imóvel Valor 350.000,00 Leve a estrutura física, todos os equipamentos modernos e uma carteira de clientes já consolidada.​📈 Os Números Não Mentem:​Lucro atual: R$ 10.000,00 a R$ 15.000,00 por mês (porteira fechada).​Potencial de crescimento: Escalonável para atingir de R$ 50.000,00 a R$ 80.000,00 mensais.​🚗 Facilidade na negociação: Aceito carro como parte do pagamento!##### NÃO ACEITO TERRENO OU CASA #######​Não perca tempo com promessas. Invista em um negócio sólido, testado e em pleno funcionamento. Entre hoje e comece a ganhar dinheiro amanhã!​📱 Quer ver fotos, vídeos e detalhes do faturamento?Chame agora mesmo no WhatsApp: (19) 98974-2017Learn more about this listing on Facebook Marketplace: https://facebook.com/marketplace/item/946729031513126/",automotivo,,https://scontent.fjdo10-1.fna.fbcdn.net/v/t39.35426-6/761946328_2300428940697906_922584626910944545_n.jpg?stp=dst-jpg_s600x600_tt6&_nc_cat=102&ccb=1-7&_nc_sid=c53f8f&_nc_ohc=UzR1fTSVGY0Q7kNvwHMwGL_&_nc_oc=AdpYnMEaE7RC_faaxfhP5lP87FdUoiIBhcjAzmi3qsolCf0-r3LnGl6WiY9JFh7v_0M&_nc_zt=14&_nc_ht=scontent.fjdo10-1.fna&_nc_gid=BW6oW_8APPF2eQp0Dfbk-w&_nc_ss=78289&oh=00_AQGuPyxQ0cXud4xFlQ0PqS9ZvL0621_tRlX-pXcI-NkbIA&oe=6A71B6DA,1.0,2026-08-06T06:08:21.550609,,,,,,
Meta,3966160667024146,MaxTroc,2026-07-30,7.0,"Seu carro merece mais do que um conserto. Merece um atendimento que transmite confiança desde a sua chegada.Na Maxtroc Centro Automotivo, em Recife, acreditamos que cuidar bem do cliente é o primeiro passo para cuidar bem do veículo.Se já está na época da revisão ou se o seu carro apresenta:🔸 Barulhos na suspensão🔸 Freio diferente do normal🔸 Vibração ao dirigir🔸 Luz da injeção acesa🔸 Consumo elevado de combustívelNão espere o problema aumentar.Aqui você encontra:✅ Revisão automotiva completa✅ Diagnóstico computadorizado✅ Manutenção preventiva✅ Freios, suspensão e troca de óleo✅ Equipe técnica especializada✅ Transparência em cada etapa do serviço📍 Maxtroc Centro Automotivo | Recife💬 Agende sua revisão pelo WhatsApp e dirija com mais segurança e tranquilidade.👉 Escreva “REVISÃO” nos comentários ou clique em Enviar mensagem para falar com nossa equipe.#OficinaMecânicaRecife #RevisãoAutomotiva #ManutençãoPreventiva #CentroAutomotivo #Recife BoschCarService Maxtroc",automotivo,,https://video.fjdo1-1.fna.fbcdn.net/o1/v/t2/f2/m367/AQPpM5jxYn4GijJEgIVLm9dgJ1UgmswO6jqyG5bESn9Z6qHgdHQdHFNpfRcNDDhO-7RQU0fC68Y5KJGPVYyVFYLAyfyARtinrx_9QZpsmg.mp4?_nc_cat=103&_nc_oc=AdoxXVCtUSxaQqjYaH3Igufc8Sr7l_0P_eqqBsdM5Fah6ArROgxLIuEKfBfquPewRNQ&_nc_sid=ef5aa3&_nc_ht=video.fjdo1-1.fna.fbcdn.net&_nc_ohc=HdxdUlmn5twQ7kNvwEk2YtG&efg=eyJ2ZW5jb2RlX3RhZyI6Inhwdl9wcm9ncmVzc2l2ZS5WSV9VU0VDQVNFX1BST0RVQ1RfVFlQRS4uQzMuMzYwLnByb2dyZXNzaXZlX2gyNjQtYmFzaWMtZ2VuMl8zNjBwIiwieHB2X2Fzc2V0X2lkIjo0MTIyMjUxODE4MDcyNzg2LCJhc3NldF9hZ2VfZGF5cyI6MjQsInZpX3VzZWNhc2VfaWQiOjEyMzc0LCJkdXJhdGlvbl9zIjozNywidXJsZ2VuX3NvdXJjZSI6Ind3dyJ9&ccb=17-1&_nc_gid=BW6oW_8APPF2eQp0Dfbk-w&_nc_ss=78289&_nc_zt=28&oh=00_AQFj2CTlSWzoaDDzEuOB6zv6q7FX9WsCBc_ACxAb2d4yHg&oe=6A71ABF7,1.0,2026-08-06T06:08:21.550609,,,,,,
Meta,1586664486321148,Suprimix,2026-07-30,7.0,"📌Siga @suprimix.bomdemix e fique por dentro das Soluções pra sua casa ou sua empresa.Endereço: Rua Manoel Antunes Teixeira, 799 - Humaitá- Tubarão/SC - Atrás do Corpo de Bombeiros 🚒 Utilidade Doméstica – Decoração - Produtos de Limpeza – Equipamento de Limpeza – Automotivo – Papelaria - Escritório - Descartáveis - Construção – Ferragem – Jardinagem – Linha para Pet – Flores Artificiais – Vasos para Flor - Cosmético - Higiene - Utensílios para Banheiro – Brinquedo - Presentes – Itens para Condomínio – EPI – Festa – Embalagens - Copa e Cozinha – e Muito Mais.É Bom Demais. É Bom de",automotivo,http://instagram.com/suprimix.bomdemix,https://video.fjdo10-2.fna.fbcdn.net/o1/v/t2/f2/m367/AQNGhI0A2y6au521Rw-V0Lvg5zEWMnbILPwc1nsgLQGebnJ6ZXKmDUOwJdblBSNext9miDJ4se3M_Wu112LcTLkyF9ifNtgC5j6MOdR09g.mp4?_nc_cat=105&_nc_oc=Ado0DSDEWoCFB6z9tTxeH4-Sm9HTOcpmChSMXCVcBVaE7wGYCu431dYd74W2q-htuIU&_nc_sid=ef5aa3&_nc_ht=video.fjdo10-2.fna.fbcdn.net&_nc_ohc=Qqj4jONykgwQ7kNvwG7O-87&efg=eyJ2ZW5jb2RlX3RhZyI6Inhwdl9wcm9ncmVzc2l2ZS5WSV9VU0VDQVNFX1BST0RVQ1RfVFlQRS4uQzMuMzYwLnByb2dyZXNzaXZlX2gyNjQtYmFzaWMtZ2VuMl8zNjBwIiwieHB2X2Fzc2V0X2lkIjoxMDA5OTQ5ODc1MTc3NzcxLCJhc3NldF9hZ2VfZGF5cyI6MywidmlfdXNlY2FzZV9pZCI6MTIzNzQsImR1cmF0aW9uX3MiOjQwLCJ1cmxnZW5fc291cmNlIjoid3d3In0%3D&ccb=17-1&_nc_gid=BW6oW_8APPF2eQp0Dfbk-w&_nc_ss=78289&_nc_zt=28&oh=00_AQGWNkhahXlzltzzUF7tGvJDKq_RIWFK2rGtq7B8V1Av2Q&oe=6A71CAB1,1.0,2026-08-06T06:08:21.550609,,,,,,
Meta,2546325902474263,Auto Design Online - Marketing Automotivo,2026-07-30,7.0,"Mais uma moto vendida! 🏍️🏆Na Auto Design, conectamos veículos certos aos clientes certos, gerando resultados de verdade para nossos parceiros. 🫱🏻‍🫲🏽E se você tem alguma moto semelhante no seu estoque ou deseja aumentar suas vendas, entre em contato conosco. ✅",automotivo,,https://video.fjdo10-2.fna.fbcdn.net/o1/v/t2/f2/m367/AQNwbSDled3QeDSJN3dcecj-2mwLYh7BHqYaK6qPNpGB7aRzVDvrD3XoLpkXP872jp6axg-OENJxi0LomvNkT6Mi84oBJvU3h-u89kzxuw.mp4?_nc_cat=107&_nc_oc=Adr_VnTyaCIpHJjie0k0j5tBu1IfMM8b6LdWuX_RlLhudP2L58vc_xkCtkC3SBWjCvA&_nc_sid=ef5aa3&_nc_ht=video.fjdo10-2.fna.fbcdn.net&_nc_ohc=SVqxFBtlUCsQ7kNvwG6_8Tv&efg=eyJ2ZW5jb2RlX3RhZyI6Inhwdl9wcm9ncmVzc2l2ZS5WSV9VU0VDQVNFX1BST0RVQ1RfVFlQRS4uQzMuMzYwLnByb2dyZXNzaXZlX2gyNjQtYmFzaWMtZ2VuMl8zNjBwIiwieHB2X2Fzc2V0X2lkIjozNzMzNjg2Nzg0NTkyODc2NiwiYXNzZXRfYWdlX2RheXMiOjksInZpX3VzZWNhc2VfaWQiOjEyMzc0LCJkdXJhdGlvbl9zIjozMSwidXJsZ2VuX3NvdXJjZSI6Ind3dyJ9&ccb=17-1&_nc_gid=BW6oW_8APPF2eQp0Dfbk-w&_nc_ss=78289&_nc_zt=28&oh=00_AQH5SVSeS9LnEpOaDYcNp_GQu7VziAiVh7u5uiHhzKQwzA&oe=6A71D33F,1.0,2026-08-06T06:08:21.550609,,,,,,
Meta,1777844309906372,MP Componentes Automotivos,2026-07-30,7.0,"🚗❄️ Chegou a oportunidade de se especializar em Ar-Condicionado Automotivo!Nos dias 25, 26 e 27 de setembro, em Cachoeiro de Itapemirim, acontece o Curso de Ar-Condicionado Automotivo do Básico ao Avançado, ministrado pelo Professor Serginho, da Super Ar, em parceria com a MP Componentes.Uma imersão completa para quem deseja entrar na área, atualizar conhecimentos ou elevar o nível técnico, aprendendo desde os fundamentos até os procedimentos mais avançados do mercado.📍 Cachoeiro de Itapemirim – ES📅 25, 26 e 27 de setembro de 2026⚠️ As vagas são limitadas! Garanta sua inscrição e invista no seu crescimento profissional.",automotivo,,https://video.fjdo1-1.fna.fbcdn.net/o1/v/t2/f2/m412/AQPwjjSxfpsdHPwv8K0Hvi5E6sRV4AX4eGdUcP_1ZPy2FnuOQdLHLq_KfvlQOvJj1S8W_hKSOUw2nf_oV8w8fTU4h0DNcgmTKdO7OR7sJA.mp4?_nc_cat=104&_nc_oc=AdrYANMYJzEFUQqCjZG3g53elzkQuB5c_wjwfX-Qp23Wkrm2AbT5xP-Zv3fWK1puoIs&_nc_sid=ef5aa3&_nc_ht=video.fjdo1-1.fna.fbcdn.net&_nc_ohc=Z1z8swH4NZIQ7kNvwGI2j_m&efg=eyJ2ZW5jb2RlX3RhZyI6Inhwdl9wcm9ncmVzc2l2ZS5WSV9VU0VDQVNFX1BST0RVQ1RfVFlQRS4uQzMuMzYwLnN2ZV9zZCIsInhwdl9hc3NldF9pZCI6MjI4MjUyNTgwMjU1MjYyOCwiYXNzZXRfYWdlX2RheXMiOjEsInZpX3VzZWNhc2VfaWQiOjEwNzk5LCJkdXJhdGlvbl9zIjozNSwidXJsZ2VuX3NvdXJjZSI6Ind3dyJ9&ccb=17-1&_nc_gid=BW6oW_8APPF2eQp0Dfbk-w&_nc_ss=78289&_nc_zt=28&oh=00_AQF9WdgE-6Bz8t7eZVuDVPKrDM8-5JgTvau7D7FOtu0dWg&oe=6A71CBAA,1.0,2026-08-06T06:08:21.550609,,,,,,
Meta,2580132175762297,LxMotors Centro Automotivo,2026-07-30,7.0,"Uma oficina de excelência nunca para de aprender. 🚗🔧A LxMotors Centro Automotivo marcou presença no Conecta 2026, um dos maiores eventos do setor automotivo do Brasil, em busca de novos conhecimentos, tecnologias e tendências que elevam ainda mais a qualidade dos nossos serviços.Investir em capacitação significa oferecer diagnósticos mais precisos, processos mais eficientes e um atendimento cada vez melhor para você.Seguimos evoluindo para entregar o que há de mais moderno em manutenção automotiva.#LxMotors #CentroAutomotivo #Conecta2026 #OficinaBrasil #MecânicaAutomotiva Capacitação TecnologiaAutomotiva",automotivo,http://instagram.com/lxmotorsrj,https://video.fjdo10-1.fna.fbcdn.net/o1/v/t2/f2/m367/AQPhZiqwYB60R9B2ajJ17sb0I6o7LUIfTRl5FKQ1PKSgkRe5TbB6lwEI-io6crfHbFz9j9v1lE-aEofoIQMq1iYEPgW18PfLBOm5QaDUkQ.mp4?_nc_cat=102&_nc_oc=AdrAW4_9T8ZCKk1DTL9DNk9l5HSH7SYtCxs_Uui1NzaqCm_vcyu9sSA5iwd2yxs05Yw&_nc_sid=ef5aa3&_nc_ht=video.fjdo10-1.fna.fbcdn.net&_nc_ohc=gJPBMhvGaFwQ7kNvwEgEZjs&efg=eyJ2ZW5jb2RlX3RhZyI6Inhwdl9wcm9ncmVzc2l2ZS5WSV9VU0VDQVNFX1BST0RVQ1RfVFlQRS4uQzMuMzYwLnByb2dyZXNzaXZlX2gyNjQtYmFzaWMtZ2VuMl8zNjBwIiwieHB2X2Fzc2V0X2lkIjoxMzc4MzU3NzkxMTExNzYyLCJhc3NldF9hZ2VfZGF5cyI6MiwidmlfdXNlY2FzZV9pZCI6MTIzNzQsImR1cmF0aW9uX3MiOjQ0LCJ1cmxnZW5fc291cmNlIjoid3d3In0%3D&ccb=17-1&_nc_gid=BW6oW_8APPF2eQp0Dfbk-w&_nc_ss=78289&_nc_zt=28&oh=00_AQEXUbXhO9CNsjIYazVAGNYKclbv4VaBYOZZRRp9y1ZxpA&oe=6A71DAA8,1.0,2026-08-06T06:08:21.550609,,,,,,
Meta,1783534436167818,1001 Parafusos,2026-07-30,7.0,"Todos os dias, profissionais de diferentes áreas passam pela 1001 Parafusos em busca de solução, agilidade e confiança.Construção civil, manutenção, indústria, automotivo e muitos outros segmentos contam com produtos de qualidade e atendimento que entende a necessidade de quem trabalha de verdade.1001 Parafusos. O profissional passa por aqui e encontra tudo para fazer acontecer.📍 Florianópolis | São José | Palhoça 📞 (48) 3248-4004",automotivo,http://instagram.com/1001parafusos,https://video.fjdo1-1.fna.fbcdn.net/o1/v/t2/f2/m367/AQMXiMxGriciSk2g6ewD0KFoBfTOlfNY-sMlT5WC7So78uuMLlJIOzNXxqTaHv_s72MCwAy52l41LKMM2xzgI08_QZuRFC_gkvAdSV5r0Q.mp4?_nc_cat=104&_nc_oc=AdoNkgiJaPKCYy5Vi56laUT2LvI-YnOyNCuAHgrdu2Dqqtx6WnjPiazqROdwnPVCvng&_nc_sid=ef5aa3&_nc_ht=video.fjdo1-1.fna.fbcdn.net&_nc_ohc=pOig72aD1zIQ7kNvwHGFSGd&efg=eyJ2ZW5jb2RlX3RhZyI6Inhwdl9wcm9ncmVzc2l2ZS5WSV9VU0VDQVNFX1BST0RVQ1RfVFlQRS4uQzMuMzYwLnByb2dyZXNzaXZlX2gyNjQtYmFzaWMtZ2VuMl8zNjBwIiwieHB2X2Fzc2V0X2lkIjoxODM0ODg5NTQ5NTI0NjE5NSwiYXNzZXRfYWdlX2RheXMiOjgzLCJ2aV91c2VjYXNlX2lkIjoxMjM3NCwiZHVyYXRpb25fcyI6MjYsInVybGdlbl9zb3VyY2UiOiJ3d3cifQ%3D%3D&ccb=17-1&_nc_gid=BW6oW_8APPF2eQp0Dfbk-w&_nc_ss=78289&_nc_zt=28&oh=00_AQHoyaOgK0jSWcpL4qFngQaz-euCWtX4lVIGi-zFZUtfTg&oe=6A71CC06,1.0,2026-08-06T06:08:21.550609,,,,,,
Meta,1390125119696250,AUTO MAIS Multimarcas,2026-07-30,7.0,"VOLKSWAGEN VOYAGE G5 1.0 FLEX ANO 2012 ✅- Prata- Ano 2012- Câmbio manual- 4 portas- Ar-condicionado- Ar Quente- Câmbio Manual- Desembaçador Traseiro- Direção Hidráulica- Retrovisor Elétrico- Rodas De Liga Leve- Trava Elétrica- Vidros Elétricos- Banco Reclinável- Encosto De Cabeça Traseiro- Insulfilm- Porta Copos- Porta Malas Elétrico- Regulagem Altura Do BancoQualidade, confiabilidade e procedência é aqui na AutoMais Multimarcas! ❤️📍 Rua Jorge Zipperer, 445 , Centro - São Bento do Sul-SC——————————————📞 Fale conosco agora mesmo!📲 Telefone: (47)3633-0960💬 WhatsApp: (47)99904-9882🌐 www.automaissbs.com.br#carros #veiculos #automovel #automoveis#automotivo",automotivo,http://www.automaissbs.com.br/,https://video.fjdo1-1.fna.fbcdn.net/o1/v/t2/f2/m367/AQP7T5YVYqlfPHP-bqI1ekKT9AQhryWtf3ar3dB71-24-P2EyudPG3gpVQdbZVGnO6w_LdwHgvMgyiPOWhnGtPI0gDmtSXHoTe-fUc1DfA.mp4?_nc_cat=104&_nc_oc=Adp8n1ASdBUiEDL4brweBZREb-gV2OjXTqEkhM9XuIr6ERX3rh2SymU1PqJTQi-XapE&_nc_sid=ef5aa3&_nc_ht=video.fjdo1-1.fna.fbcdn.net&_nc_ohc=HzFph9X9kO0Q7kNvwEWxG8x&efg=eyJ2ZW5jb2RlX3RhZyI6Inhwdl9wcm9ncmVzc2l2ZS5WSV9VU0VDQVNFX1BST0RVQ1RfVFlQRS4uQzMuMzYwLnByb2dyZXNzaXZlX2gyNjQtYmFzaWMtZ2VuMl8zNjBwIiwieHB2X2Fzc2V0X2lkIjoxNjMxMDI3NjM1MTAzNDk0LCJhc3NldF9hZ2VfZGF5cyI6MCwidmlfdXNlY2FzZV9pZCI6MTIzNzQsImR1cmF0aW9uX3MiOjgzLCJ1cmxnZW5fc291cmNlIjoid3d3In0%3D&ccb=17-1&_nc_gid=BW6oW_8APPF2eQp0Dfbk-w&_nc_ss=78289&_nc_zt=28&oh=00_AQEP--gwOouDbBJ9AAih890Fk7aNwynlj14MGN0WZKLJsw&oe=6A71ADE6,1.0,2026-08-06T06:08:21.550609,,,,,,
Meta,882148491301886,Motobatt Brasil,2026-07-30,7.0,"CCA. Se você pesquisar talvez não encontre de primeira, mas essa sigla no mundo automotivo quer dizer Cold Cranking Amps, ou no bom português brasileiro: Corrente de Arranque a Frio.Para te explicar o que isso significa na prática, convidamos nosso parceiro Célio Dobrucki, referência em customização e mecânica de motos premium.#CCA #BateriaDeMoto #BateriaOffRoad #MotoPremium #BateriaPremium",automotivo,https://www.instagram.com/motobattbrasil/,https://video.fjdo1-2.fna.fbcdn.net/o1/v/t2/f2/m367/AQP0KVlzMOxuIiC9LAdOfGrDhD7cEVoYWgSCvAaxkUgoOvbl5IPZx9kuZQ64mP_XF8xQPkbORxwGhLBA87ydpnvqvF8w96uMPI5Sb4THdA.mp4?_nc_cat=109&_nc_oc=Ado1liYvmyuzCE9I1lEJcwdfUfgiT_Qa477Higw5HpOkjqQ_2-I1C-N5VmQFkP-Qioc&_nc_sid=ef5aa3&_nc_ht=video.fjdo1-2.fna.fbcdn.net&_nc_ohc=a2-aJrNVQ5wQ7kNvwG8ANzq&efg=eyJ2ZW5jb2RlX3RhZyI6Inhwdl9wcm9ncmVzc2l2ZS5WSV9VU0VDQVNFX1BST0RVQ1RfVFlQRS4uQzMuMzYwLnByb2dyZXNzaXZlX2gyNjQtYmFzaWMtZ2VuMl8zNjBwIiwieHB2X2Fzc2V0X2lkIjoxODQzMzMwOTI0NjE4NDI0MiwiYXNzZXRfYWdlX2RheXMiOjExMywidmlfdXNlY2FzZV9pZCI6MTIzNzQsImR1cmF0aW9uX3MiOjI4LCJ1cmxnZW5fc291cmNlIjoid3d3In0%3D&ccb=17-1&_nc_gid=BW6oW_8APPF2eQp0Dfbk-w&_nc_ss=78289&_nc_zt=28&oh=00_AQE05wfilzC04e0zemSRLwnZ2_vGLyQREqCHbUEutujoYg&oe=6A71A815,1.0,2026-08-06T06:08:21.550609,,,,,,
Meta,2220142865225344,Eliel Teixeira,2026-07-30,7.0,"Smart Charger 120a Taramps Fonte E Carregador 120 Amperes - R$550,00Novos na caixa nunca usado6 unidades Aceito cartão parceloPotência de saída: 1700 W• Pesa 2.41kg.• Impedância de entrada: 02.• Tensão mínima de alimentação: 127V.• Origem Brasil.Desenvolvida com a mais alta tecnologia, A Smart Charger 120/160A é uma fonte e carregador de baterias inteligente. Em outras palavras, ela pensa por você, permitindo uma utilização prática, não exigindo conhecimento técnico do usuário para realização da recarga de baterias. Basta liga-la, e a Smart Charger fará todo o resto, se ajustando automaticamente e buscando a otimização na recarga das baterias. Ela pode ser usada como: Carregador de baterias, fonte de alimentação ajustável em 12,6V, 13,8V ou 14,4V, auxiliar para sistemas de som automotivo, entre outras. Com alimentação bivolt automática (127/220V AC), proporciona até 160 Amperes no modo Dinâmico. Além disso, possui display com voltímetro e amperímetro que permite visualizar o comportamento da fonte durante o uso. Com a Smart Charger você ganha tempo para o que realmente importa.INFORMAÇÕES TÉCNICAS:ALIMENTAÇÃO: Bivolt Automatic (127 | 220VAC)FAIXA DE TENSÕES EM REDE 127V: 100 ~ 140V ACFAIXA DE TENSÕES EM REDE 220V: 200 ~ 250V ACCORRENTE NOMINAL MÁX. DE SAÍDA: 120ACORRENTE NOMINAL MÁX. DE SAÍDA: 160A* DinâmicoPOTÊNCIA MÁXIMA DE SAÍDA: 2200WEFICIÊNCIA: 90%CONSUMO MÁX. EM REDE 127V: 30A CONSUMO MÁX. EM REDE 220V: 22A FLUTUAÇÃO MÁXIMA EM PLENA CARGA: <2%TENSAO DE SAIDA: 12,0V ~ 14,5VDIMENSÕES (LXAXP): 182 × 52 x 330mmPESO: 2,41KgINFORMAÇÕES ADICIONAIS:Potência Máx. de entrada: 3200VA(***) ou 2200W (FP:~0,58 capacitivo)Consumo em Stand by desligada, porém, conectada a tomada: 3W*Não se responsabilizamos por instalação mal realizada;*Não se responsabilizamos por mau uso do produto;*Para acionar a garantia será necessário encaminhar o produto com a nota fiscal para uma autorizada da marca;*Só aceite receber a mercadoria após verificar se a mesma coincide com a que consta no pedido e se está em perfeito estado;Características principaisXMarcaTarampsLinhaSmart ChargerModeloSMART CHARGER 120 A / 160 APotência de saída1.700 WCorBrancoOutrosTipo de veículoCarro/CaminhoneteQuantidade de canais1Classe do amplificadorDImpedânciaÉ resistente à águaNãoOrigemBrasilAltura do amplificador5,2 cmComprimento do amplificador33 cmLargura do amplificador18,2 cmTensão de alimentação mínima127VPeso do amplificador2,41 kgFacebook Marketplace",automotivo,,https://scontent.fjdo10-1.fna.fbcdn.net/v/t39.35426-6/759664036_1027477296844364_4465808054269855076_n.jpg?stp=dst-jpg_s600x600_tt6&_nc_cat=111&ccb=1-7&_nc_sid=c53f8f&_nc_ohc=6Rdvj5y_zwoQ7kNvwFcN8dW&_nc_oc=AdqnVxTp4oTcgRkSI1iimVa6WSVYuaz0DJNhWpHBSvVf_nlS8-cli7sn8Uv3Gw2XdaE&_nc_zt=14&_nc_ht=scontent.fjdo10-1.fna&_nc_gid=BW6oW_8APPF2eQp0Dfbk-w&_nc_ss=78289&oh=00_AQH2hqZxdRfVwTVg62hVpTIE6gzM1c3hoBYYHWvfCo0v9A&oe=6A71A4B6,1.0,2026-08-06T06:08:21.550609,,,,,,
Meta,2229337034568865,Siga Bem Centro Automotivo,2026-07-30,7.0,,automotivo,,https://video.fjdo1-2.fna.fbcdn.net/o1/v/t2/f2/m412/AQOUCDSfvr0Cf1Wt3QdNCJhfwDhmlBAi1GQDZ5tDrbk_xr_2eF5AqUgug4FrOw_BYNOA9EFNpqKaWdvQ3fOIN_WnwylvgHq8apJON7EsxA.mp4?_nc_cat=100&_nc_oc=AdoFeh8pU_ppjbgPQNe8Kv2ma3BrcyDU_ZT_cA8mf2JJNeVR3FO_s_LpOWGrwjnRhAY&_nc_sid=ef5aa3&_nc_ht=video.fjdo1-2.fna.fbcdn.net&_nc_ohc=wA4y0Cr0YtEQ7kNvwFvQFwg&efg=eyJ2ZW5jb2RlX3RhZyI6Inhwdl9wcm9ncmVzc2l2ZS5WSV9VU0VDQVNFX1BST0RVQ1RfVFlQRS4uQzMuMzYwLnN2ZV9zZCIsInhwdl9hc3NldF9pZCI6MzIyNDg3ODM1NDM3MzIwMSwiYXNzZXRfYWdlX2RheXMiOjAsInZpX3VzZWNhc2VfaWQiOjEwNzk5LCJkdXJhdGlvbl9zIjozNSwid2F0Y2hfdGltZV9zIjoxMjEyLCJ1cmxnZW5fc291cmNlIjoid3d3In0%3D&ccb=17-1&_nc_gid=JPNMyL6W1LIsEUcPqxDHLg&_nc_ss=78289&_nc_zt=28&oh=00_AQElhAs-Qdfi5zzSgwQTDArzZMhPuFFfIwtOksdZBncw-g&oe=6A71D9CA,1.0,2026-08-06T06:08:21.550609,,,,,,
Meta,2692566111179893,RK Revestimento Automotivo,2026-07-30,7.0,"Onix no padrão de excelência Preto com Azul 💙 modelo original.Segunda-feira é dia de recomeçar, mas o conforto do seu carro não precisa ser o mesmo. Eleve o padrão  dos seus bancos com nosso revestimento em couro , ganhando conforto , qualidade e facilidade na limpeza.Agende agora ou faça um orçamento sem compromisso com nosss vendedores via Direct ou Whatsapp.Link na bio 📱 vem pra melhor da região 🥇",automotivo,,https://video.fjdo1-1.fna.fbcdn.net/o1/v/t2/f2/m412/AQPPfzWeJ1QFbMWjxH2ZwrxDqJmWCUoDlMQHjMzTzQIDuytAb8nAt5fot2qYDYvYQa5FWBYzDP-2-SHea7BG1_Bm9aF0PJ7nP8YEEqWg7w.mp4?_nc_cat=103&_nc_oc=AdpNewauNrbKrSTBsFkcYUfCJA-0CIJOkpVAdDmZQaCuQiSGTabfYtY2qUHp3gHbAIs&_nc_sid=ef5aa3&_nc_ht=video.fjdo1-1.fna.fbcdn.net&_nc_ohc=HYaOYHkGK4UQ7kNvwH-ZuLb&efg=eyJ2ZW5jb2RlX3RhZyI6Inhwdl9wcm9ncmVzc2l2ZS5WSV9VU0VDQVNFX1BST0RVQ1RfVFlQRS4uQzMuMzYwLnN2ZV9zZCIsInhwdl9hc3NldF9pZCI6MzUyODQwNzk1NzMwOTI2MSwiYXNzZXRfYWdlX2RheXMiOjAsInZpX3VzZWNhc2VfaWQiOjEyMzczLCJkdXJhdGlvbl9zIjoyNiwid2F0Y2hfdGltZV9zIjoxMDI1LCJ1cmxnZW5fc291cmNlIjoid3d3In0%3D&ccb=17-1&_nc_gid=JPNMyL6W1LIsEUcPqxDHLg&_nc_ss=78289&_nc_zt=28&oh=00_AQF3iszBUluAo1VlwN9fNvpgJg2-jdey26ROMcWMiAFoXw&oe=6A71A3CB,1.0,2026-08-06T06:08:21.550609,,,,,,
Meta,1694578745102289,Arauto Centro Automotivo,2026-07-30,7.0,"🚗❄️ Deixe o ar-condicionado do seu carro gelando como novo!Aproveite o Combo de Ar-Condicionado da Arauto Centro Automotivo a partir de R$ 149,90.✅ Troca do filtro da cabine✅ Higienização completa do sistema de ar✅ Carga de gás✅ Check-list completo dos componentes do ar-condicionadoDirija com mais conforto, elimine odores, bactérias e garanta o melhor desempenho do sistema de climatização.📍 Agende seu atendimento e aproveite essa oferta por tempo limitado!Arauto Centro Automotivo – Cuidando do seu carro com qualidade, confiança e o melhor custo-benefício.",automotivo,,,1.0,2026-08-06T06:08:21.550609,,,,,,
Meta,1083725724172345,Vermeulen Contabilidade,2026-07-29,8.0,"💼 Está pagando caro pela sua contabilidade?Ter uma assessoria contábil de qualidade não precisa pesar no orçamento da sua empresa.Na Vermeulen Contabilidade, você encontra soluções completas, atendimento especializado e todo o suporte necessário para manter seu negócio em dia com as obrigações fiscais e trabalhistas.Organizamos a parte burocrática, oferecemos orientação estratégica e ajudamos você a tomar decisões com mais segurança, sempre com planos acessíveis, transparência e excelente custo-benefício.📲 Clique no botão ""Saiba Mais"" e solicite uma proposta. Descubra como economizar sem abrir mão de uma contabilidade de confiança.",suporte,,https://video.fjdo1-1.fna.fbcdn.net/o1/v/t2/f2/m412/AQNRvMI1Tc78L_ZX7sC8tEWa-ayzQF-Ti-2TO_0lckfMHZRLoACSVnDcy4KPTkpmhnBfBLq-dhavyOUIWmMjtJ4lMNjKqlDLrnWqoRQ9Hg.mp4?_nc_cat=101&_nc_oc=AdrdTwEjLaPBLWIfDiTREdOtihtcVM4GHO_z-AJGL0NGQyI9s22BMfpYMTUqUkNt88g&_nc_sid=ef5aa3&_nc_ht=video.fjdo1-1.fna.fbcdn.net&_nc_ohc=Id9oL0IP9MUQ7kNvwHgomFg&efg=eyJ2ZW5jb2RlX3RhZyI6Inhwdl9wcm9ncmVzc2l2ZS5WSV9VU0VDQVNFX1BST0RVQ1RfVFlQRS4uQzMuMzYwLnN2ZV9zZCIsInhwdl9hc3NldF9pZCI6MjMwMDA5MzMzNzQ2MTUwNywiYXNzZXRfYWdlX2RheXMiOjE1LCJ2aV91c2VjYXNlX2lkIjoxMDc5OSwiZHVyYXRpb25fcyI6NDAsIndhdGNoX3RpbWVfcyI6ODQ5MywidXJsZ2VuX3NvdXJjZSI6Ind3dyJ9&ccb=17-1&_nc_gid=kYjllSiP2HBT-kR13nyo1g&_nc_ss=78289&_nc_zt=28&oh=00_AQG394MtWXRGXcOVRwjaxqg1XENR88fq51ec_n068pc6vg&oe=6A71C6CD,1.0,2026-08-06T06:08:21.550609,,,,,,
Meta,1702324567750726,Redutores IBR,2026-07-03,34.0,"Inversor de frequência INVT GD350A — trifásico 380V, alta performance e recursos avançados para a sua indústria. ⚡Distribuição e suporte técnico especializado IBR.👉 Fale com um especialista.",suporte,https://www.redutoresibr.com.br/pt/Produtos/Linha/inversores-de-frequencia-invt,https://scontent.fjdo1-2.fna.fbcdn.net/v/t39.35426-6/739378059_1807853553921707_5178425907290658985_n.jpg?stp=dst-jpg_s600x600_tt6&_nc_cat=100&ccb=1-7&_nc_sid=c53f8f&_nc_ohc=5m8N4NNsuWUQ7kNvwG1QNe2&_nc_oc=Ado5D9thlCSd9RpksyzmrJVhF7SEY386EkqevkXgvGHvw1iID03yhlIy9H4Risl1gU4&_nc_zt=14&_nc_ht=scontent.fjdo1-2.fna&_nc_gid=kYjllSiP2HBT-kR13nyo1g&_nc_ss=78289&oh=00_AQFtLyLHGQaya8xGDiyhx0OQ5b0wgrOXhIat9iycRtjvCg&oe=6A71C6C1,1.0,2026-08-06T06:08:21.550609,,,,,,
Meta,1008601868839822,Zé Coxinha - Brasil,2026-07-30,7.0,Aproveite a oportunidade de ter seu próprio negócio com uma franquia Zé Coxinha!Seja franqueado da Zé Coxinha com:✅ Investimento a partir de R$140 mil✅ Produtos de alto giro e qualidade comprovada✅ Suporte real da franqueadora✅ Operação simples e lucrativa🚀 Fature até R$700 mil por ano com uma operação enxuta e pronta pra escalar.Clique aqui e solicite contato.,suporte,http://fb.me/,https://scontent.fjdo10-1.fna.fbcdn.net/v/t39.35426-6/650225438_1317667353586067_4059973076024124946_n.jpg?stp=dst-jpg_s600x600_tt6&_nc_cat=108&ccb=1-7&_nc_sid=c53f8f&_nc_ohc=fdO0QchmusMQ7kNvwECtYG4&_nc_oc=AdrUxJ7-HVDSw9JdAbZAnfP8Ja0VHv4GCJA6bd-11S_Fq9GSDULXFbQTupzJLVFNfII&_nc_zt=14&_nc_ht=scontent.fjdo10-1.fna&_nc_gid=kYjllSiP2HBT-kR13nyo1g&_nc_ss=78289&oh=00_AQFOVkOsN-r3MPazgPK4n4IcGWIiKXd9xbzykt8y5TAV2Q&oe=6A71CC44,1.0,2026-08-06T06:08:21.550609,,,,,,
Meta,2184733068764954,Fábrica Verutti,2026-07-30,7.0,"Distribuidor, presta atenção: existe diferença entre vender produto e representar uma marca premium.A Verutti seleciona parceiros pra operar com exclusividade total — sem concorrência interna, sem guerra de preço, sem venda direta pela internet roubando sua venda.✅ Território blindado, só seu!✅ Linha premium com giro comprovado (produto que já chega pré-vendido pelo padrão)✅ Suporte de marketing e mentoria de negócio inclusos✅ Modelo de investimento acessível, com potencial real de escalaAs melhores regiões preenchem rápido. Confira se a sua ainda está disponível. 👇",suporte,http://fb.me/,https://video.fjdo10-1.fna.fbcdn.net/o1/v/t2/f2/m412/AQNMTcDrJJH7hmKfshbIBTRIdpLJfUyrQN3f4EItNIbVPUZ6brtZRNu-IQxVhvrQ02Ov718UZzFqRihJnOz5Erul2hHRPG1Mc_6OIFWSiQ.mp4?_nc_cat=111&_nc_oc=Adr7X4JmeuYOrqaa9SlRmmXkD9gbzKjz7zO4YQYTocKVXdcNVHU-NNI9KzOdHL32iCA&_nc_sid=ef5aa3&_nc_ht=video.fjdo10-1.fna.fbcdn.net&_nc_ohc=upWioPxvDdEQ7kNvwHqPUys&efg=eyJ2ZW5jb2RlX3RhZyI6Inhwdl9wcm9ncmVzc2l2ZS5WSV9VU0VDQVNFX1BST0RVQ1RfVFlQRS4uQzMuMzYwLnN2ZV9zZCIsInhwdl9hc3NldF9pZCI6MTU3OTI5NTIwNjUwMTIxMCwiYXNzZXRfYWdlX2RheXMiOjkwLCJ2aV91c2VjYXNlX2lkIjoxMDc5OSwiZHVyYXRpb25fcyI6NDgsIndhdGNoX3RpbWVfcyI6MjQ4LCJ1cmxnZW5fc291cmNlIjoid3d3In0%3D&ccb=17-1&_nc_gid=kYjllSiP2HBT-kR13nyo1g&_nc_ss=78289&_nc_zt=28&oh=00_AQEUZ8s8NDFfx66RaXPK3r0ZEOALGwr3c2_zaVecRlVupg&oe=6A71A90F,1.0,2026-08-06T06:08:21.550609,,,,,,
Meta,1737929847555505,Biances Blockchain,2026-07-30,7.0,"🚀 Em breve: Uma nova comunidade Web3AI aberta a todos, gratuitamente!💸 Generosas recompensas de airdrop e um pacote de bônus exclusivo para novos usuários🔥 Quais serviços a Web3 Academy oferece?🤖 Inteligência Artificial otimiza seus projetos Web3🚀 Suporte completo permite que você participe, aprenda e ganhe sem operar bots ou sistemas complexos👉 Junte-se à comunidade Web3 agora, assuma o controle de seus ativos, deixe a IA trabalhar para você e explore o potencial infinito da Web3! 🎯",suporte,http://fb.me/,https://scontent.fjdo10-2.fna.fbcdn.net/v/t39.35426-6/758841185_949341251549026_1222608609655897231_n.jpg?stp=dst-jpg_s600x600_tt6&_nc_cat=105&ccb=1-7&_nc_sid=c53f8f&_nc_ohc=jhpU7Y5AMrUQ7kNvwHdf4WN&_nc_oc=AdrV3YnRWkZHln12WehOz7uf_8xIfV6vcGK-1H1pxZev38lEuIZqvXlJvl4Ayx9aPcU&_nc_zt=14&_nc_ht=scontent.fjdo10-2.fna&_nc_gid=kYjllSiP2HBT-kR13nyo1g&_nc_ss=78289&oh=00_AQEzbKqoYn6MZ4094Dj3QvVOeyOKB5oknWdclGrBw7nPGQ&oe=6A71BF1A,1.0,2026-08-06T06:08:21.550609,,,,,,
Meta,1112080761493893,paradyse_syd,2026-07-30,7.0,"Sem palavras para descrever a emoção e a felicidade de viver a primeira edição da PARADYSE celebrando o bday.Primeiramente, agradeço a Deus, aos meus amigos e a todos que, de alguma forma, acreditaram nesse projetoUm agradecimento especial à equipe de produção, direção artística e cenografia: @marciomsg_25 foi nosso suporte. @72robson que entrega de cenografia🫶🏽. @tbellonzi Obrigado pela perfeita elaboração do artístico e @atelieralexcastro pelo figurinoA você amigo @edu__gama que literalmente me pegou pelo braço para que a festa acontecesse. Meu muito obrigado🫶🏽Meu carinho e gratidão também aos amigos que, mesmo nos bastidores, contribuíram para que tudo acontecesse:@guibarbosaa21 @lschuenquer @adrianoyedo @vinissntos @luizcapetini @vinirodrigues18 @thiiagotavares @maicondougart Vocês todos foram essenciais para que cada detalhe se transformasse em uma experiência inesquecível. Aos DJs que aceitaram fazer parte dessa história e entregaram talento, energia e emoção, o meu muito obrigado:@yanrabello @leogattuso_  @izo.jr_  @rrodriguez.dj @natvalverde @vanmuller_ @djfranalbuquerque @lucaaslu @enrrysenna E, por fim, ao público. Vocês são a verdadeira essência da PARADYSE. Obrigado por acreditarem no projeto e por levarem tanta energia e alegria tornando esse dia simplesmente inesquecível.PARADYSE",suporte,https://www.instagram.com/_u/paradyse_syd,https://video.fjdo1-2.fna.fbcdn.net/o1/v/t2/f2/m367/AQPtmzQ0z-tob--0D5PERTD3GF4dVwA7CWcUjsom_ah--Z1SvHxSKU4yKK3tUJPAGy2TW34teIq2XR8QoL5SMCaZUaHXfvmog8ow6PEyFQ.mp4?_nc_cat=109&_nc_oc=AdrE6IsVktETrExDkLq2sNv40ns5Kg6MUkn3NkQF96yJHOXgdb6g3YJMtxWg4Dl7a3I&_nc_sid=ef5aa3&_nc_ht=video.fjdo1-2.fna.fbcdn.net&_nc_ohc=FwqgLFolVnwQ7kNvwHsRByN&efg=eyJ2ZW5jb2RlX3RhZyI6Inhwdl9wcm9ncmVzc2l2ZS5WSV9VU0VDQVNFX1BST0RVQ1RfVFlQRS4uQzMuMzYwLnByb2dyZXNzaXZlX2gyNjQtYmFzaWMtZ2VuMl8zNjBwIiwieHB2X2Fzc2V0X2lkIjoxNzEzNTQwNDQzMDMyMTEwLCJhc3NldF9hZ2VfZGF5cyI6MCwidmlfdXNlY2FzZV9pZCI6MTIzNzQsImR1cmF0aW9uX3MiOjg0LCJ3YXRjaF90aW1lX3MiOjUwODAwLCJ1cmxnZW5fc291cmNlIjoid3d3In0%3D&ccb=17-1&_nc_gid=kYjllSiP2HBT-kR13nyo1g&_nc_ss=78289&_nc_zt=28&oh=00_AQEeEz4qikA65r-xmvCkExwtYckiq4rgnBU1MGwkp8SLnA&oe=6A71BCCD,1.0,2026-08-06T06:08:21.550609,,,,,,
Meta,2497123807365206,Stage Performance,2026-07-30,7.0,"🚨 NÃO DEIXE SEU CONCORRENTE SAIR NA FRENTE!Faça parte da STAGE PERFORMANCE, uma das empresas que mais cresce no Brasil nos segmentos de performance automotiva e soluções para Diesel e Flex 💰 Invista a partir de R$ 19.990,00* e tenha acesso a um portfólio completo de produtos e serviços de alta rentabilidade.🔥 Ofereça aos seus clientes:✅ Reprogramação ECU e TCU✅ Soluções DPF, EGR e Arla 32✅ Clonagem de ECUs✅ Linha leve, diesel, caminhões, agrícola e náutica✅ Ferramentas originais✅ Suporte técnico especializado✅ Treinamento online e presencial🚛 Além disso, torne-se distribuidor dos filtros diesel STG:✔️ Até 4x mais autonomia que filtros convencionais✔️ Redução de custos operacionais✔️ Proteção para bombas e sistemas de injeção✔️ Redução de falhas e regenerações do pós-tratamento✔️ Aplicação para caminhões, máquinas agrícolas, embarcações e tanques de abastecimento🌎 A STAGE PERFORMANCE já atende parceiros em diversos países das Américas e do Mercosul.📈 Transforme sua oficina em um centro de alta performance e aumente seu faturamento com produtos e serviços de alta demanda.📲 Entre em contato e descubra como fazer parte da rede STAGE PERFORMANCE.Escreva Eu Quero na publicação que entraremos em contato",suporte,http://instagram.com/stageperformancematriz,https://video.fjdo10-1.fna.fbcdn.net/o1/v/t2/f2/m367/AQPre4cRQct1d2vjbpLO9W3b7ArJ2tLpWSjt6GLLuJ61lhRHqNAogjLrWoEF_Sh0UI-jyPrhFHZqcxXZgPNEuIUsepOK0dDL0kya22D4cw.mp4?_nc_cat=108&_nc_oc=AdpDBbzfhu_eDCFK08C3eIC-xi6O45thtYQktIhbT_wvPtUGFKdfjkT3q9Klpq0YQco&_nc_sid=ef5aa3&_nc_ht=video.fjdo10-1.fna.fbcdn.net&_nc_ohc=ePLxadIzyHQQ7kNvwGSo-0y&efg=eyJ2ZW5jb2RlX3RhZyI6Inhwdl9wcm9ncmVzc2l2ZS5WSV9VU0VDQVNFX1BST0RVQ1RfVFlQRS4uQzMuMzYwLnByb2dyZXNzaXZlX2gyNjQtYmFzaWMtZ2VuMl8zNjBwIiwieHB2X2Fzc2V0X2lkIjoxMDMxMDAzMzc5NjEzMzc3LCJhc3NldF9hZ2VfZGF5cyI6MzAsInZpX3VzZWNhc2VfaWQiOjEyMzc0LCJkdXJhdGlvbl9zIjo1Niwid2F0Y2hfdGltZV9zIjoyOTI4MCwidXJsZ2VuX3NvdXJjZSI6Ind3dyJ9&ccb=17-1&_nc_gid=kYjllSiP2HBT-kR13nyo1g&_nc_ss=78289&_nc_zt=28&oh=00_AQFl7ce2taav1CuRWEiIWoXxthp482CUEPzDirm0Xb-4Ew&oe=6A71A876,1.0,2026-08-06T06:08:21.550609,,,,,,
Meta,1779519913401842,fulltox.botox,2026-07-30,7.0,"Abrir o olho não é a mesma coisa que abrir o olhar.Muita gente trata só a pálpebra e se frustra. O olho abre, e o rosto continua entregando cansaço.Porque o olhar não vive sozinho. Ele vive dentro de uma moldura: sobrancelha, têmpora, terço superior. Quando essa moldura perde sustentação, a pálpebra desce junto. E aí não adianta mexer só nela, porque o problema estava em volta o tempo todo.Por isso o meu protocolo trata o conjunto.Estruturação volumétrica, que devolve suporte à moldura do olho.Blefaroplastia com lift de sobrancelha, no mesmo tempo cirúrgico, removendo o excesso de pele e reposicionando a sobrancelha.E o FullTox, minha neuromodulação do terço superior, que segura o que puxa para baixo e sustenta o resultado.Não é procedimento. É arquitetura facial.Tem uma frase que eu escuto quase toda semana no consultório: “doutora, eu penso nisso há anos”.Penso há anos não é dúvida. É adiamento. E quase nunca é falta de vontade. É falta de oportunidade.Por isso eu abro seleção de paciente modelo. 💰✅CUSTO REDUZIDO! A partir de R$2.400 (parceláveis).Casos avaliados um a um, para quem sempre quis e ainda não tinha encontrado o momento.Para participar é necessário:enviar foto ou vídeo para avaliaçãoter disponibilidade de horáriopermitir o uso de imagemSe você leu até aqui e pensou “é exatamente o meu caso”, comenta OLHAR aqui embaixo. Eu te chamo no direct e te explico como funciona a avaliação.",suporte,https://www.instagram.com/_u/fulltox.botox,https://scontent.fjdo1-2.fna.fbcdn.net/v/t39.35426-6/761364129_2182752499123845_9136823118777537361_n.jpg?stp=dst-jpg_s600x600_tt6&_nc_cat=109&ccb=1-7&_nc_sid=c53f8f&_nc_ohc=erq9IQXAXJYQ7kNvwG7Z1NX&_nc_oc=AdpMI3bO55XouuunUnwCPsb8cf5DPX53GM-JV6UIjNiEfGYotN_1tYq7SbRqae9ddpg&_nc_zt=14&_nc_ht=scontent.fjdo1-2.fna&_nc_gid=kYjllSiP2HBT-kR13nyo1g&_nc_ss=78289&oh=00_AQFI65RVCk9JRSDX6YYxjO6mqotcUw6KPXzAm7glnLABCA&oe=6A71BC53,1.0,2026-08-06T06:08:21.550609,,,,,,
Meta,1040529918724837,AEIG - Associação de Benefícios,2026-07-30,7.0,"🚗 Seu carro merece mais proteção. Seu bolso também.🚨 Proteção contra roubo e furto para mais segurança no dia a dia.💥 Cobertura para colisão, reduzindo sua preocupação com acidentes.🚛 Guincho em todo o Brasil, onde você precisar.🤝 Atendimento ágil e suporte quando você mais precisa.💰 Planos a partir de R$ 89,00/mês, com excelente custo-benefício.📋 Preencha o formulário agora e receba sua cotação sem compromisso!",suporte,http://fb.me/,https://scontent.fjdo1-2.fna.fbcdn.net/v/t39.35426-6/753298613_1020448907563399_5208480638011054785_n.jpg?stp=dst-jpg_s600x600_tt6&_nc_cat=100&ccb=1-7&_nc_sid=c53f8f&_nc_ohc=HHgEXgj4PgEQ7kNvwEEeU5p&_nc_oc=AdrKKiJkrkVp5_4VVk5vzWkWCMCWipvfAm-hp_m1rJCxiKMitZ1abssJYY4TMih580Y&_nc_zt=14&_nc_ht=scontent.fjdo1-2.fna&_nc_gid=kYjllSiP2HBT-kR13nyo1g&_nc_ss=78289&oh=00_AQEbQrHaEgPCNCu1X09BkZxggfjlGdKExFHdHjAxV6C82Q&oe=6A71D031,1.0,2026-08-06T06:08:21.550609,,,,,,
Meta,4522228498064833,Musixe,2026-07-30,7.0,"Se você quer aprender violão, guitarra, canto ou teoria musical do zero, a Musixe é pra você.Mesmo que você:– nunca tenha tocado um instrumento– esteja travado no básico– ou ainda dependa de cifras pra tocarAqui você aprende com aulas práticas, diretas e com professores experientes — no seu ritmo.Em um só lugar, você pode evoluir na música de forma simples e sem complicação.🎁 Use o cupom JESS20 e ganhe:✔ 20% de descontoAcesso ilimitado a todos os cursos do site, suporte dos professores, aulas em vídeo, materiais em PDF ou MP3 para você baixar e comunidade de alunos!Mais de 130 mil alunos estão te esperando em nossa comunidade!👉 Clique e comece hoje",suporte,https://musixe.com/?utm_campaign=full12&utm_source={{placement}}&utm_medium=ad10&coupon=jess20&planId=&utm_target=/,https://video.fjdo1-1.fna.fbcdn.net/o1/v/t2/f2/m412/AQNz68svyVmXCC40bsUcNBICt4oo8ommC6M3m_NVAP9BqXBSPvwxib0736VZ3K8ltL_gB89PwocZOE2wWvzyPaUz0qOe_QNCYArVdUp9Gw.mp4?_nc_cat=103&_nc_oc=Adpxo_XPzXTXMNn6yugZkJsFpwthQPpvrFm0unaQFiuMPgAs_rqYuJ8Rf1dUZKWD0Bk&_nc_sid=ef5aa3&_nc_ht=video.fjdo1-1.fna.fbcdn.net&_nc_ohc=FgCUP9VdpdEQ7kNvwGPGcSj&efg=eyJ2ZW5jb2RlX3RhZyI6Inhwdl9wcm9ncmVzc2l2ZS5WSV9VU0VDQVNFX1BST0RVQ1RfVFlQRS4uQzMuMzYwLnN2ZV9zZCIsInhwdl9hc3NldF9pZCI6MjY1MDczODM2MjIyNzA3NzYsImFzc2V0X2FnZV9kYXlzIjoyMywidmlfdXNlY2FzZV9pZCI6MTAxMzksImR1cmF0aW9uX3MiOjM1LCJ3YXRjaF90aW1lX3MiOjE5NzA2OTEsInVybGdlbl9zb3VyY2UiOiJ3d3cifQ%3D%3D&ccb=17-1&_nc_gid=kYjllSiP2HBT-kR13nyo1g&_nc_ss=78289&_nc_zt=28&oh=00_AQESfETVX9V-vvk5DzR7M6rEB-hwBdv8xJCCLqvL3JoiTQ&oe=6A71C7D7,1.0,2026-08-06T06:08:21.550609,,,,,,
Meta,1409625581017576,Seu celular esta aqui,2026-07-30,7.0,"O smartphone que você deseja, com a segurança que você precisa. 📱✨Na Kauan Multimarcas, nosso compromisso é com a sua satisfação, seja em um aparelho lacrado de fábrica ou em um seminovo rigorosamente selecionado.Aqui, você não leva apenas um dispositivo; leva performance máxima, garantia completa e um suporte que não te deixa na mão após a compra.✅ Qualidade Garantida: Testes rigorosos em cada unidade.✅ Atendimento Real: Transparência de quem é referência em Santa Maria de Jetibá.✅ Pós-Venda Real: Te damos suporte total, antes e depois da compra.✅ Garantia Total melhor do que da Apple: Durma tranquilo sabendo que você está protegido.📍 Santa Maria de Jetibá e região.👇 Toque em ""Saiba Mais"" e confira o estoque de hoje antes que acabe!",suporte,,,1.0,2026-08-06T06:08:21.550609,,,,,,
Meta,1356670346008266,Autoescola Montanini,2026-07-30,7.0,"Quer tirar sua CNH e conquistar mais liberdade?Imagine poder ir e vir quando quiser, ter mais oportunidades de trabalho e ganhar mais independência no seu dia a dia.Na Autoescola Montanini, você conta com suporte especializado durante todo o processo para conquistar sua habilitação com mais segurança e tranquilidade.✅ Atendimento personalizado✅ Equipe preparada para te acompanhar✅ Mais praticidade e confiança durante sua jornadaE neste Mês dos Pais, preparamos condições especiais para você dar o primeiro passo rumo à sua CNH.📲 Clique em ""Enviar mensagem"" agora e fale com nossa equipe no WhatsApp para saber mais sobre a promoção e garantir sua matrícula.",suporte,,https://video.fjdo1-2.fna.fbcdn.net/o1/v/t2/f2/m412/AQMd6HxRr6BSuJ9rEP-6bpWKneFo7X9pmL1Y1gPymgc2JrrUdE1Woz_YFCUEWoWPZGi8wVnUu1ClFAAhroq_J9Hi_ZNnimYr_PGWUrSxEw.mp4?_nc_cat=100&_nc_oc=Adr6UHNOpUJsLCzSFjU7l2CPTSynjvHVqwmHLOjOr5i9FABj11GlDRNbIqYgslCvBoI&_nc_sid=ef5aa3&_nc_ht=video.fjdo1-2.fna.fbcdn.net&_nc_ohc=l2cnqnRoc7wQ7kNvwGfhumb&efg=eyJ2ZW5jb2RlX3RhZyI6Inhwdl9wcm9ncmVzc2l2ZS5WSV9VU0VDQVNFX1BST0RVQ1RfVFlQRS4uQzMuMzYwLnN2ZV9zZCIsInhwdl9hc3NldF9pZCI6MzMzMTQyNzQwMDM1MjMyOCwiYXNzZXRfYWdlX2RheXMiOjAsInZpX3VzZWNhc2VfaWQiOjEwNzk5LCJkdXJhdGlvbl9zIjoyNywid2F0Y2hfdGltZV9zIjoyMzMsInVybGdlbl9zb3VyY2UiOiJ3d3cifQ%3D%3D&ccb=17-1&_nc_gid=kYjllSiP2HBT-kR13nyo1g&_nc_ss=78289&_nc_zt=28&oh=00_AQEM3gsXX3VOt-GqY8j0AeE4wB9tCj8gAKpIJeGoqAZnyg&oe=6A71CEA2,2.0,2026-08-06T06:08:21.550609,,,,,,
Meta,1597972768583576,Trade Holding,2026-07-30,7.0,"🚀 FAÇA PARTE DO NOSSO TIME!Estamos contratando Vendedor(a) para integrar uma equipe focada em resultados e crescimento profissional. Se você é comunicativo(a), gosta de desafios e quer aumentar seus ganhos através de comissões e premiações, essa oportunidade é para você!✅ Comissões acima da média do mercado✅ Premiações por metas alcançadas✅ Plano real de crescimento na carreira✅ Treinamentos constantes✅ Leads qualificados e estrutura completa✅ Ambiente de alta performance e suporte da equipe🕒 Horário: Segunda a Sexta, das 17h às 22h📍 Local: Centro de LondrinaInteressou? Envie uma mensagem pelo WhatsApp e venha fazer parte de uma equipe que valoriza talento, dedicação e resultados!",suporte,,,1.0,2026-08-06T06:08:21.550609,,,,,,
Meta,1015246687796549,Victoriam Locações,2026-07-30,7.0,"Leve a tecnologia Ultraformer MPT para sua clínica sem investir na compra do equipamento. Aluguel com praticidade, suporte e flexibilidade para aumentar seu faturamento.",suporte,https://api.whatsapp.com/send,https://video.fjdo10-1.fna.fbcdn.net/o1/v/t2/f2/m412/AQOm_iFZC-HFcm5p5LX3_16SQMc8nndRgVBtRhC62EpjjaYNOkIbIc3XHvPWjVn8XAm5IdKuZUfxW7zMkwbognb5pwqcCFqdQlXez2RzIQ.mp4?_nc_cat=110&_nc_oc=Adp-qGLRgOnoOY-9XR81D1m65ASsUnjLEObHFWujv9pZmAHTGvDuC8yoWqyXg95mzNM&_nc_sid=ef5aa3&_nc_ht=video.fjdo10-1.fna.fbcdn.net&_nc_ohc=7i9at0LwNYkQ7kNvwHgAGZo&efg=eyJ2ZW5jb2RlX3RhZyI6Inhwdl9wcm9ncmVzc2l2ZS5WSV9VU0VDQVNFX1BST0RVQ1RfVFlQRS4uQzMuMzYwLnN2ZV9zZCIsInhwdl9hc3NldF9pZCI6MjkzNDE0MDkzMzU5NTM1MSwiYXNzZXRfYWdlX2RheXMiOjEsInZpX3VzZWNhc2VfaWQiOjEwNzk5LCJkdXJhdGlvbl9zIjoxMSwidXJsZ2VuX3NvdXJjZSI6Ind3dyJ9&ccb=17-1&_nc_gid=c-kCNz1wj4o85s6FBHSVww&_nc_ss=78289&_nc_zt=28&oh=00_AQGTXz0IrD9jnKEOXhIVj24Bh9Hfo3HalYuE6JinamwIwA&oe=6A71D7F0,1.0,2026-08-06T06:08:21.550609,,,,,,
TikTok,,,,,,,,,,2026-08-06T06:08:21.572888,チャンスを逃すな！ #シェーバー #おすすめ #トクトクセール #tiktokshop #CapCut,top_10%,4.0,320.0,https://v16m-default.tiktokcdn.com/953ae0450e16c0aabcae58a4f61456ec/6a6c4161/video/tos/alisg/tos-alisg-pve-0037/owBQm0gUfAIYC6VWQDVqFrBZbEBQFCShYGCEMf/?a=0&bti=NTU4QDM1NGA%3D&&bt=709&ft=cApXJCz7ThWHCOCdLGZmo0P&mime_type=video_mp4&rc=OjM1ZzZpaTlnNzM2Z2Y3OUBpam45NHk5cjw5PDMzODgzNEBeXi8tYTAtXzUxLWMwNl8vYSNgMDVgMmRrcTVhLS1kLy1zcw%3D%3D&vvpl=1&l=20260731083135F917D0D815ACAE91F380&btag=e000b8000,
TikTok,,,,,,,,,,2026-08-06T06:08:21.572888,"Porque cooperar é fazer o desenvolvimento chegar mais longe e a Copacol, coopera sempre.",top_50%,2.0,5224.0,https://v16m-default.tiktokcdn.com/6229463bce44d8a99688e96d0d7a18f7/6a6c41ef/video/tos/alisg/tos-alisg-ve-0051c001-sg/o0SyDSIENQrfkBS6QgiCfI5RQAjq6lD9pCbBFB/?a=0&bti=NTU4QDM1NGA%3D&&bt=3580&ft=cApXJCz7ThWHCOCdLGZmo0P&mime_type=video_mp4&rc=NWg5OmZoZzpoODU2NGQ0O0BpMztuOHI5cm01PDMzODYzNEAvMjEuY14wNmExYF80NC8vYSM1aWkzMmRjXy9hLS1kMDFzcw%3D%3D&vvpl=1&l=20260731083135F917D0D815ACAE91F380&btag=e00090000,
TikTok,,,,,,,,,,2026-08-06T06:08:21.572888,Lotes pronto para construir,top_25%,3.0,126.0,https://v16m-default.tiktokcdn.com/d60a57f3e4c717402719a54f03597cbe/6a6c4159/video/tos/alisg/tos-alisg-ve-0051c001-sg/oIQQQrr2EIz8nPwSxYaiA6BUDriJAEj2Lm0AQ/?a=0&bti=NTU4QDM1NGA%3D&&bt=1990&ft=cApXJCz7ThWHCOCdLGZmo0P&mime_type=video_mp4&rc=ODhpZ2RnZmk3ZjdlNjQ1M0BpMzc1d205cng4PDMzODYzNEAyXjMuYjJeNjQxLS9gLWJgYSNmbTAwMmRrajJhLS1kMDFzcw%3D%3D&vvpl=1&l=20260731083135F917D0D815ACAE91F380&btag=e000b8000,
