"Identificação do post","Identificação da conta","Nome de usuário da conta","Nome da conta",Descrição,"Duração (s)","Horário de publicação","Link permanente","Tipo de post","Comentário de dados",Data,Visualizações,Alcance,Curtidas,Compartilhamentos,Seguimentos,Comentários,Salvamentos
18057659483788398,17841447265732470,cpimportstore,"CP Import Store","Life Gain a qualquer hora ⏱️
Life Gain em qualquer lugar 🚧
Nutrição que importa 👊💥
Peça já o seu. 
Atenção moradores da baixada! Estamos com uma oferta especial e facilitamos a entrega. 
Link na Bio. 
Tá esperando o quê? Garanta hoje diversos sabores 

#wheyprotein #instagramreels #instagram #receitaswhey #cpimportstore",15,"08/14/2026 09:33",https://www.instagram.com/reel/DcBv2NZxYQO/,"Reel do Instagram",,Total,336,273,3,1,2,1,0
18055888787555171,17841447265732470,cpimportstore,"CP Import Store","Sabe aquela sensação de entrar em uma casa que parece s ficção científica?🤖

O segredo está em transformar a sua parede: dar adeus aos interruptores tradicionais, eliminar a poluição visual e trazer sofisticação real aos detalhes✨️. 

Com o Painel Touch Inteligente, você troca o excesso por um único display minimalista em vidro preto que une puro design e alta tecnologia.Controle total do seu jeito. 

Acione cenários de iluminação para o jantar com um toque, feche as cortinas ou comande tudo pelo celular de onde estiver. 💁‍♀️🙅

 📲 Clique no link da bio e transforme seus ambientes.

#CasaInteligente #ArquiteturaDeInteriores #DesignDeInteriores #SmartHome #DecorLovers EstiloDeVida",23,"08/12/2026 14:28",https://www.instagram.com/reel/Db9EaTfJV2m/,"Reel do Instagram",,Total,117,106,2,0,0,0,1
18127019089670638,17841447265732470,cpimportstore,"CP Import Store","Chega de fios bagunçados e enrolados no painel do seu carro! 🚗💨

Sabe aquele trabalho de ter que plugar o cabo no celular toda vez que vai dirigir? Com o Adaptador K1A, isso acabou. É só conectar ele na entrada USB uma única vez e pronto: seu Apple CarPlay ou Android Auto vai funcionar 100% sem fio e conectar automaticamente assim que você der a partida.

Suas músicas, o GPS e as chamadas direto na tela da sua multimídia, com muito mais praticidade, visual limpo e sem estresse.

Transforme a tecnologia do seu carro hoje mesmo! Garanta o seu no nosso Mercado Livre pelo link na bio. 📲

#CPImports #CarPlaySemFio #AndroidAuto #AcessoriosAutomotivos #TecnologiaAutomotiva",16,"08/12/2026 09:06",https://www.instagram.com/reel/Db8in6pRZOQ/,"Reel do Instagram",,Total,78,67,2,0,0,0,0
18455017159112083,17841447265732470,cpimportstore,"CP Import Store","O padrão não se discute. Ele se entrega.

Cada peça que compõe o nosso catálogo passa por uma validação rigorosa de estrutura, banho, cravação e origem. O acabamento impecável não é um diferencial, é a nossa regra de base.

Em um cenário de incertezas, o verdadeiro requinte é a transparência absoluta. Quando você escolhe a nossa marca, sabe exatamente o que está recebendo, com contato direto e humano:

▪️ Confirmação da sua peça antes do envio.
▪️ Rastreamento preciso e em tempo real.
▪️ Alinhamento logístico direto no nosso WhatsApp.

Não terceirizamos o nosso relacionamento, nem a nossa responsabilidade com você.

Nossa equipe conduz a operação de envio para garantir que a sua escolha chegue com a precisão e a segurança que você exige.

O acesso ao nosso canal direto está na bio.
#qualidadedevida 
#garantia 
#atendimentoexclusivo 
#transparênciatotal 
#cpimportstore",25,"06/10/2026 17:25",https://www.instagram.com/reel/DZbOBAjJUj5/,"Reel do Instagram",,Total,506,406,13,2,0,0,1
18102859340278482,17841447265732470,cpimportstore,"CP Import Store","Você merecia brilhar.

""Assinatura do Dia 12"":
Brinco Gota + Fakhar Rose
R$ 379,90 (economize R$ 70)

Apenas 15 conjuntos.
Envio prioritário para hoje.

Você merecia. 💎

DM para Garantir Agora

#diadosnamorados❤️
#fakharrose 
#brincogota 
#cpimportstore",28,"06/09/2026 17:15",https://www.instagram.com/reel/DZYoQtiJBa-/,"Reel do Instagram",,Total,213,188,4,1,0,0,0
18084898586573168,17841447265732470,cpimportstore,"CP Import Store","Tudo nela brilha ✨️. 
O presente perfeito para o dia 12🎯.

Banho de ouro premium e cravação impecável. A sofisticação que acompanha a rotina dela, do estúdio de pilates ao jantar de celebração.

Comprando hoje, nossa logística expressa entra em ação: entrega garantida antes do Dia dos Namorados. 

Garanta no link da bio ou via Direct. Peça única.

#DiaDosNamorados #ColarRiviera #SemijoiasPremium #PresenteDiaDosNamorados #cpimportstore",14,"06/08/2026 15:21",https://www.instagram.com/reel/DZV2Gj5Jo04/,"Reel do Instagram",,Total,352,259,10,3,0,0,0
18108583162822368,17841447265732470,cpimportstore,"CP Import Store","Tem presente que não precisa de explicação.

Prata 925 com banho de ouro.
Cravejada de zircônias de ponta a ponta.
Semi-joia masculina feita para durar.

→ Link na bio — atendimento direto no WhatsApp.
Envio garantido antes do dia 12.

#diadosnamorados 
#lifestyle 
#modamasculina 
#cpimportstore 
#presentepersonalizado",11,"06/05/2026 09:35",https://www.instagram.com/reel/DZNgVZ8xeg9/,"Reel do Instagram",,Total,483,563,12,1,1,0,0
17942480304037573,17841447265732470,cpimportstore,"CP Import Store","Corre que ainda dá tempo! 
Peça exclusiva 01 unidade apenas 😱
Aproveite para garantir o presente especial do Dia dos Namorados com garantia.
DM para link

#diadosnamorados❤️ 
#anelflor 
#semijoiasdeluxo💎
#cpimportstore
#celebração",11,"06/04/2026 15:44",https://www.instagram.com/reel/DZLlQKvp70o/,"Reel do Instagram",,Total,218,161,3,2,0,0,0
18167350015427059,17841447265732470,cpimportstore,"CP Import Store","Corre agora pra garantir o seu com preço especial 💲
DM QUERO para garantir o seu 🔥

#wheyprotein #lifegain #fitness #proteína",8,"06/03/2026 08:38",https://www.instagram.com/reel/DZIQkLnOlDy/,"Reel do Instagram",,Total,217,191,3,2,0,0,0
18087248270615563,17841447265732470,cpimportstore,"CP Import Store","Qual é seu sabor favorito pra fazer sorvete?

#wheyprotein
#lifegain 
#fitness 
#proteína",20,"05/30/2026 20:51",https://www.instagram.com/reel/DY_QhIMMSOO/,"Reel do Instagram",,Total,83,67,2,1,0,0,1
18008540702908048,17841447265732470,cpimportstore,"CP Import Store","Sextou. 🍹

E você merece mais que um drink qualquer.

Enquanto a galera tá tomando algo que vai deixá-la 
cansada amanhã, você tá aqui: relaxando, saboreando 
e AINDA cuidando do seu corpo.

Life Gain é o drink que:
✅ Sabe como um milkshake gourmet
✅ Tem textura tão cremosa que parece sorvete
✅ Recupera seu músculo enquanto você aproveita

98% das nossas clientes dizem: ""Isso não é whey, é prazer.""

E é verdade. Veja só as fotos que recebemos todo dia:
sorvetes, mousses, shakes... tudo feito com Life Gain.

Porque sexta-feira é pra relaxar.
Mas relaxar com INTELIGÊNCIA.

Pronta? 💪
COMPRE AGORA - LINK NA BIO. 💅",0,"05/29/2026 10:35",https://www.instagram.com/p/DY7mBM7iZOS/,"Carrossel do Instagram",,Total,1209,290,8,0,0,0,1
18069357566370818,17841447265732470,cpimportstore,"CP Import Store","Galaxy Buds3 Pro Impecável - Menos De 1 Ano De Uso Original
🎧 O som premium que você merece, por um preço que você não vai acreditar! 🔥

Chegou a hora de dar um upgrade no seu jeito de ouvir música. Estou desapegando dos meus Samsung Galaxy Buds3 Pro (estado de ZERO, com menos de 1 ano de uso!).

Disponível em duas cores incríveis:
🖤 Preto (Discreto e elegante)
🤍 Prata (Design futurista que chama atenção)

✨ Por que você precisa deles?
🔊 Cancelamento de Ruído Ativo (ANC) absurdo – desligue o mundo!
🎵 Qualidade de estúdio Hi-Fi (graves potentes e som cristalino)
🔋 Bateria 100% saudável, segurando carga como no primeiro dia
🧼 Higienizados e impecáveis (sem marcas de queda ou arranhões)

🛡️ Compra Segura: Estou vendendo pelo Mercado Livre. Você tem garantia, segurança no pagamento e envio rápido para todo o Brasil!

⚠️ Atenção: Só tenho UMA unidade de cada cor. Quem chegar primeiro, leva.

👉 Quer garantir o seu? Clica no link: https://produto.mercadolivre.com.br/MLB-4721169501-galaxy-buds3-pro-impecavel-menos-de-1-ano-de-uso-original-_JM 
Ou aqui no Direct agora mesmo! 📩 

#GalaxyBuds3Pro #SamsungBuds #GalaxyBuds #FoneBluetooth #FoneSemFio",17,"05/29/2026 03:42",https://www.instagram.com/reel/DY62vsYNm_Y/,"Reel do Instagram",,Total,501,431,8,0,0,0,1
18031520186684679,17841447265732470,cpimportstore,"CP Import Store","Marque aqui o @ que precisa entender essa indireta para o Dia dos Namorados 👀🎁

Ou faça como a gente: não espere por ninguém e se dê o presente que você sabe que merece. ✨ Afinal, o maior caso de amor é com você mesma!

💍 Coleção exclusiva de Dia dos Namorados disponível. Toque no link da bio para garantir a sua peça antes que esgote.

#DiaDosNamorados2026 #AmorProprio #JoiasDelicadas #PresentePerfeito #EuMereço #DicaDePresente",23,"05/26/2026 18:23",https://www.instagram.com/reel/DY0tG0MhVT1/,"Reel do Instagram",,Total,61,52,3,0,0,0,0
17940276312219842,17841447265732470,cpimportstore,"CP Import Store","Você acordou cansada NOVAMENTE.

Treinou, trabalhou, cuidou de tudo... e ainda assim 
se sente vazia.

Sabe por quê? Seu corpo tá pedindo o que você mais perde 
na correria: proteína de qualidade.

Life Gain não é só pra ficar ""firme"".
É pra você ACORDAR COM ENERGIA.
É pra você TREINAR SEM CULPA.
É pra você SENTIR-SE INTEIRA.

Porque uma mulher que se cuida não é vaidade.
É respeito por si mesma.

Quer experimentar? 💪 Clica no Link para Quero Agora: https://produto.mercadolivre.com.br/MLB-4696549731-life-gain-whey-protein-100-concentrado-900g-pote-_JM",0,"05/25/2026 09:59",https://www.instagram.com/p/DYxOwvxCQHs/,"Carrossel do Instagram",,Total,268,164,4,0,0,0,0
18095818508184696,17841447265732470,cpimportstore,"CP Import Store","Life Gain: Lote atual com 10 unidades.

Comunicado: Trabalhamos com despacho direto do centro de distribuição. Pedidos confirmados garantem a reserva imediata. Estoque rotativo: garanta o seu preço enquanto houver disponibilidade.

Envio: Segunda-feira (25/05) a partir das 13h.

👉 Garanta sua unidade via Direct.

#LifeGain #Performance #LogisticaDireta #Suplementacao",11,"05/23/2026 14:13",https://www.instagram.com/reel/DYsiHx5JFAe/,"Reel do Instagram",,Total,203,159,7,39,4,0,0
17918005248166155,17841447265732470,cpimportstore,"CP Import Store","LANÇAMENTO OFICIAL • WHEY CONCENTRADO
​O lote de lançamento com preço direto de fábrica já está disponível, mas as unidades são extremamente limitadas (restam pouquíssimas unidades com este valor especial).
​Para garantir o seu sabor favorito antes que o lote se encerre, não precisa procurar o link:
​💬 Comente QUERO aqui embaixo que enviamos o link de compra direto e instantaneamente no seu direct.
​_
#suplementacao #wheyprotein #fitness #lançamento #treinoedieta",11,"05/21/2026 09:55",https://www.instagram.com/reel/DYm60D9O47X/,"Reel do Instagram",,Total,90,70,5,1,0,2,0
17888794047372795,17841447265732470,cpimportstore,"CP Import Store","Cansado? Não é fraqueza. É seu corpo pedindo comando. 🧬
Fórmula de Foco: Energia mental 🧠 + Recuperação rápida ⚡️+ Músculos que duram💪.
Dissolve rápido✨️ Sabor premium😋. Seu corpo agradece🙌.
Seu comando está ativo com Life Gain. Link na Bio para pedir o seu. . #lifegain #wheyprotein #nutrição #nutricaoesportivafuncional #ganhodemassamuscular",58,"05/19/2026 10:11",https://www.instagram.com/reel/DYhtb4pxe2d/,"Reel do Instagram",,Total,112,88,5,1,1,2,2
17887771530546386,17841447265732470,cpimportstore,"CP Import Store","​A EVOLUÇÃO 🚀 A excelência que definiu o seu estilo✨️ agora constrói os seus músculos 💪 e ainda damos um booster no foco 🧠que você precisa.
​📣presentamos a nova plataforma oficial 📣:
​A transição está aberta, garanta o seu Life Gain e continue evoluindo. 
Link👇:
www.pcimportstore com.br 
#suplementos #hipertrofia #proteína #treinopesado #instagramhub 
Acesse o linktree na Bio e consulte todos os canais",0,"05/18/2026 16:36",https://www.instagram.com/p/DYf6jiIpQHc/,"Imagem do Instagram",,Total,280,213,2,8,0,0,1
